0,1,1.05
0.012532833,0.998952405,1.046480488
0.024898041,0.998329328,1.042988454
0.037103011,0.998124771,1.039523591
0.049154967,0.998332985,1.036085619
0.075820612,1.000290506,1.028426551
0.101821199,1.004262905,1.020900786
0.127231078,1.010197548,1.013506615
0.15212142,1.0180471,1.006242929
0.176947476,1.027940028,0.998996227
0.201374946,1.039728298,0.991883698
0.225468652,1.053378942,0.984905907
0.249290954,1.068863697,0.978063929
0.274516543,1.087412506,0.970904106
0.299570181,1.108006858,0.96390378
0.324518983,1.13062998,0.957066156
0.349427885,1.155270293,0.950395066
0.37562748,1.183328618,0.943569521
0.401922076,1.213606648,0.936938755
0.428379532,1.246109521,0.930509543
0.45506609,1.28084789,0.924289489
0.483350992,1.319672172,0.918004323
0.512030556,1.360995529,0.911969015
0.541175624,1.404849926,0.906195554
0.570856135,1.451273361,0.900697151
0.602580018,1.502679065,0.895250949
0.63504427,1.557007566,0.890140412
0.668326325,1.614324126,0.885385627
0.702503608,1.674700896,0.881008611
0.739220233,1.741078987,0.876868503
0.777084474,1.810976782,0.87319623
0.816184796,1.884501012,0.870024694
0.856610773,1.961766564,0.867389936
0.900088096,2.046088522,0.865264398
0.945195055,2.134724986,0.863808338
0.992036264,2.227833361,0.863074816
1.040718823,2.325580904,0.863122029
1.093333916,2.432175522,0.864065568
1.148177714,2.544173059,0.865997622
1.205379276,2.661795488,0.869004272
1.265071869,2.785276997,0.873180146
1.33123184,2.922866063,0.879000108
1.400515207,3.067627123,0.886386889
1.473097176,3.219885258,0.89549098
1.549159924,3.379982116,0.906478594
1.633039687,3.557040565,0.920253832
1.721198871,3.743584128,0.936545022
1.813874781,3.94006843,0.955612695
1.911315194,4.146970236,0.977745721
2.018367974,4.374548343,1.004459254
2.131196896,4.614603771,1.035260975
2.250121069,4.867748889,1.070598995
2.375474082,5.13461999,1.110971618
2.513237993,5.427866748,1.158967431
2.658761867,5.737484558,1.213715402
2.812472407,6.064261842,1.275989311
2.974814637,6.409006774,1.346651233
3.146546096,6.773168012,1.426799856
3.327884231,7.157021506,1.517389845
3.519327605,7.561405235,1.619608586
3.721391468,7.987153025,1.734773842
3.923335206,8.411443207,1.857285928
4.135773167,8.856370507,1.994120667
4.359176983,9.322577292,2.146784544
4.594025372,9.810660476,2.316930511
4.828589206,10.29595574,2.496733121
5.074373146,10.80195285,2.695697666
5.331791034,11.32896456,2.915666262
5.601250338,11.8772034,3.158633616
5.870924256,12.42215489,3.414827549
6.15233995,12.98662101,3.696109543
6.445813314,13.57041075,4.004649922
6.751635666,14.17316292,4.342760875
7.058445732,14.77177333,4.699058319
7.377182922,15.38681061,5.087447052
7.708007408,16.01735035,5.510357632
8.051030684,16.662214,5.970322611
8.396833763,17.30254419,6.456330536
8.754252262,17.95344723,6.982457072
9.12320763,18.61296539,7.551231245
9.503541018,19.27879333,8.165197241
9.891149312,19.94174414,8.820222917
10.28933857,20.60526793,9.524476325
10.69765905,21.265945,10.28026735
11.1155378,21.91991467,11.08975545
11.55261185,22.5781178,11.97636491
11.99805371,23.21960019,12.92317452
12.45076633,23.8386753,13.93160259
12.90946214,24.42914293,15.00258585
13.43312418,25.05353546,16.28855399
13.96004456,25.6224011,17.65440187
14.48737614,26.12471493,19.09828243
15.01190449,26.54899889,20.6168392
15.47024794,26.84955541,22.0170264
15.92088363,27.07172777,23.46700154
16.36088033,27.20750847,24.96089009
16.78712599,27.24926491,26.49159341
17.13232593,27.20639164,27.80046745
17.46345758,27.08821729,29.12382594
17.77843949,26.89143016,30.4554498
18.07516861,26.61331829,31.78859976
18.31886701,26.30059827,32.95412823
18.54544472,25.92274331,34.11010451
18.75349838,25.47936193,35.25119712
18.94166849,24.97060155,36.37196242
19.09984972,24.43106583,37.40616094
19.23809475,23.83498429,38.41266944
19.35541783,23.18390287,39.38690507
19.4509146,22.47983581,40.32441636
19.52278855,21.73762863,41.2070098
19.57203317,20.94930065,42.04598982
19.59805489,20.11803461,42.83775083
19.60037153,19.24737092,43.57901676
19.58133587,18.41748515,44.21198533
19.54184459,17.56093232,44.79803181
19.48178464,16.6810879,45.33548971
19.40113288,15.78145601,45.82301901
19.30887595,14.94005103,46.2262903
19.19938666,14.08784148,46.58596717
19.07284438,13.22770425,46.90175658
18.92949017,12.36250591,47.17361128
18.77857084,11.54140685,47.39064538
18.61315942,10.72069867,47.56883464
18.43360281,9.902693674,47.70871001
18.24028912,9.089625264,47.81097382
18.0412926,8.312440418,47.87476336
17.83032271,7.543681049,47.90530364
17.6078232,6.78508568,47.90361526
17.37426299,6.038283521,47.87082496
17.13692949,5.324611064,47.81025167
16.89006926,4.624826236,47.72261023
16.63416969,3.940110004,47.60916219
16.36973026,3.271528981,47.4712203
16.1051066,2.638297592,47.31502337
15.83337947,2.021971245,47.13825762
15.55502925,1.423222006,46.94221152
15.27053838,0.842621356,46.72818278
14.99501047,0.308266054,46.50937327
14.71479131,-0.208952484,46.27661995
14.43029266,-0.708780218,46.03102328
14.14192215,-1.191035001,45.77366815
13.88117987,-1.607184516,45.53451835
13.61794981,-2.009161632,45.28757032
13.35251153,-2.396967682,45.03355228
13.08513933,-2.770641013,44.773173
12.72926904,-3.242935581,44.42046282
12.37109494,-3.690933817,44.05937108
12.01120167,-4.114978364,43.6913533
11.65015181,-4.515491834,43.31778811
11.20145808,-4.980389943,42.84860298
10.75279618,-5.410920105,42.37518617
10.30508972,-5.808273514,41.89965473
9.859201899,-6.17373789,41.42393297
9.299597834,-6.592083524,40.82519352
8.745661244,-6.964578452,40.23198416
8.19872645,-7.294168673,39.64694595
7.659978635,-7.583827438,39.07230246
6.928003523,-7.925110741,38.29562227
6.216113134,-8.202992032,37.54617251
5.526189058,-8.424866201,36.82662031
4.859686803,-8.597697358,36.13867461
4.342474066,-8.705332542,35.61004458
3.841412544,-8.788675856,35.10247029
3.356758675,-8.85060613,34.6158751
2.888655054,-8.893777684,34.15
2.489035817,-8.918256101,33.75545294
2.102319688,-8.931542446,33.37637853
1.728424761,-8.935052442,33.01236158
1.367226566,-8.930083662,32.66294507
1.030144878,-8.918341794,32.33874703
0.704585993,-8.900764628,32.02725857
0.390349172,-8.878241975,31.7280087
0.087212607,-8.851583305,31.44052136
-0.195913308,-8.822525278,31.1729532
-0.469092761,-8.790880908,30.91553246
-0.732567791,-8.757197838,30.66783714
-0.986589379,-8.721971435,30.42945421
-1.269335661,-8.679825792,30.16445645
-1.540156678,-8.6368246,29.91080827
-1.799467816,-8.593515821,29.66793139
-2.047688645,-8.550381738,29.43527366
-2.352828212,-8.495557713,29.14879751
-2.641043795,-8.442502682,28.87746313
-2.91323003,-8.391869827,28.62028729
-3.170270543,-8.344198398,28.37636221
-3.388449273,-8.304354423,28.16835413
-3.595767475,-8.267495293,27.96977039
-3.792814776,-8.233830149,27.78010745
-3.980165688,-8.2035251,27.59890285
-4.156893253,-8.176920836,27.42718
-4.325158763,-8.15383729,27.26298379
-4.485465818,-8.134340528,27.10597416
-4.638300906,-8.118471748,26.95584172
-4.787263614,-8.106021865,26.80922282
-4.929386405,-8.097381779,26.66922821
-5.065124795,-8.092535166,26.53561751
-5.19491555,-8.091449525,26.40817475
-5.323145059,-8.094225723,26.28283949
-5.445909744,-8.100898763,26.16369087
-5.563621367,-8.111393358,26.05056423
-5.676671794,-8.125623196,25.94331411
-5.789599448,-8.144262966,25.83796283
-5.898283803,-8.166716556,25.73869807
-6.003091297,-8.192860458,25.64541485
-6.104367653,-8.222563174,25.55802266
-6.206667555,-8.257214397,25.47300089
-6.305813047,-8.295429806,25.39424418
-6.402121029,-8.337040373,25.32169365
-6.49588702,-8.381870555,25.25530031
-6.591707608,-8.432101464,25.19229484
-6.685321896,-8.485455585,25.13597258
-6.776990663,-8.54171418,25.08630646
-6.866952619,-8.600652226,25.04327428
-6.959913672,-8.665241604,25.00517291
-7.051446837,-8.732264217,24.97436775
-7.141746999,-8.801440845,24.95084481
-7.230986111,-8.872485302,24.93458868
-7.324004836,-8.949020926,24.92530489
-7.416151338,-9.026956496,24.92404365
-7.507540512,-9.105936303,24.93077518
-7.59826328,-9.185596892,24.94545954
-7.693169459,-9.269828491,24.96946963
-7.787453029,-9.353964165,25.00217398
-7.881130496,-9.437556372,25.04348058
-7.974193557,-9.520150845,25.09327502
-8.071088714,-9.605191618,25.1544603
-8.167197451,-9.688093725,25.22464149
-8.262419685,-9.768318983,25.30359618
-8.356631177,-9.845328889,25.39106416
-8.453162396,-9.921265188,25.49050667
-8.548246524,-9.992565431,25.59841479
-8.641662242,-10.05864513,25.71435847
-8.733168543,-10.11893541,25.83785614
-8.824405461,-10.17397587,25.97126314
-8.91307519,-10.22183734,26.11137112
-8.998861792,-10.26199215,26.25749755
-9.08143997,-10.29395375,26.40890553
-9.161064367,-10.31742383,26.56601101
-9.236739051,-10.3317248,26.72681447
-9.308112386,-10.33651795,26.89040808
-9.374838909,-10.33153294,27.05584528
-9.436865925,-10.31647331,27.22294882
-9.493522366,-10.29121376,27.38989218
-9.544490178,-10.25571337,27.5556294
-9.589475359,-10.21001879,27.71910889
-9.628846805,-10.15316993,27.88212367
-9.661481704,-10.08613332,28.04060074
-9.687160515,-10.0092414,28.19346094
-9.7057064,-9.922919899,28.33966607
-9.717371936,-9.822485835,28.48521905
-9.720888057,-9.712889772,28.62120943
-9.716210659,-9.594928076,28.7466299
-9.703359772,-9.46947916,28.86057752
-9.683019648,-9.340763111,28.95994162
-9.655107857,-9.206769105,29.04697927
-9.619813679,-9.068477378,29.12116136
-9.577381791,-8.9268919,29.18207917
-9.532171609,-8.794258735,29.22625399
-9.481412497,-8.660498018,29.25874792
-9.425408347,-8.526404942,29.27949903
-9.364492811,-8.392755673,29.28852877
-9.301293516,-8.264721278,29.2862109
-9.234193236,-8.138463749,29.27319154
-9.163557621,-8.014607496,29.24968372
-9.089765882,-7.893738727,29.21595685
-9.013290106,-7.776524995,29.17238243
-8.934455278,-7.663346198,29.11929532
-8.853665486,-7.554664758,29.05709884
-8.771325691,-7.45089583,28.98623076
-8.686020756,-7.350334363,28.90535756
-8.599950047,-7.255633777,28.81644688
-8.513535573,-7.167092665,28.72004355
-8.427188826,-7.084960158,28.61670721
-8.337801964,-7.006483724,28.50238049
-8.249360151,-6.935353299,28.38181245
-8.162282262,-6.871702916,28.25565763
-8.076965972,-6.815620566,28.12456766
-7.988840085,-6.764469036,27.98088932
-7.903541141,-6.721891351,27.83315251
-7.821462167,-6.687859511,27.68210595
-7.742964805,-6.662307535,27.5284799
-7.66226066,-6.644064441,27.35977012
-7.586542575,-6.635520082,27.18974823
-7.516153166,-6.636485052,27.01927038
-7.451393293,-6.646743047,26.84916062
-7.385425503,-6.669168694,26.65871002
-7.32727194,-6.702751973,26.47083962
-7.277195847,-6.747110247,26.28660745
-7.235403986,-6.80184425,26.10702443
-7.198909223,-6.874229649,25.91435252
-7.172952563,-6.958310834,25.72988005
-7.157615348,-7.053497455,25.55483653
-7.152912826,-7.159183258,25.39039568
-7.158979749,-7.276673623,25.23533634
-7.175880709,-7.40367924,25.093532
-7.203461574,-7.539484885,24.96608281
-7.241510096,-7.683336726,24.85403515
-7.286179986,-7.824000699,24.76432005
-7.339466481,-7.970265847,24.68963658
-7.401074838,-8.121380041,24.63071258
-7.470666007,-8.276535275,24.58821963
-7.542264402,-8.423792022,24.56397532
-7.620103606,-8.573033921,24.55494269
-7.703804082,-8.723442761,24.56150844
-7.792947997,-8.874144567,24.58398869
-7.882649978,-9.017337889,24.62049248
-7.976459179,-9.159082454,24.67184308
-8.073907435,-9.298464318,24.73809688
-8.174491127,-9.434527456,24.81921821
-8.273695968,-9.561343048,24.91115262
-8.374787549,-9.683239694,25.01651086
-8.477219613,-9.799270807,25.13497983
-8.580417345,-9.908477902,25.26613873
-8.680843074,-10.00712842,25.40522033
-8.780840061,-10.09753482,25.55518371
-8.879805829,-10.17882622,25.71532329
-8.977122314,-10.2501628,25.88482417
-9.07114232,-10.31014617,26.06079383
-9.16230106,-10.35887004,26.24401348
-9.249967394,-10.3956704,26.43337823
-9.333514642,-10.4199654,26.62769131
-9.408196198,-10.43098973,26.81490214
-9.478115151,-10.43004292,27.00423179
-9.542769099,-10.41688331,27.19447114
-9.601680532,-10.39137202,27.38437391
-9.653349474,-10.35440492,27.56870314
-9.698685207,-10.30564139,27.75026194
-9.73732659,-10.24525959,27.92782974
-9.768955449,-10.17354625,28.1002035
-9.793688585,-10.08921663,28.26929699
-9.81061078,-9.994058682,28.43055408
-9.819536748,-9.888709384,28.58282064
-9.820343567,-9.773906383,28.72502216
-9.812443136,-9.644714914,28.86181746
-9.795608011,-9.507156561,28.98550581
-9.769917755,-9.362360369,29.09519151
-9.735530693,-9.211517716,29.19012723
-9.697585312,-9.072458689,29.26206487
-9.653082003,-8.930470662,29.32137825
-9.602282013,-8.786473683,29.3678332
-9.545488175,-8.641382041,29.40129729
-9.486678338,-8.504215778,29.42093518
-9.423149057,-8.367626211,29.42900562
-9.355242416,-8.232333231,29.42562258
-9.283321379,-8.099023882,29.41096835
-9.208808877,-7.97009209,29.38570685
-9.131144447,-7.844318328,29.35000422
-9.050721232,-7.722252423,29.30419781
-8.967939141,-7.604398352,29.2486691
-8.882128583,-7.489824936,29.18296776
-8.794739766,-7.38047087,29.10820173
-8.70619504,-7.276717245,29.02487012
-8.616911415,-7.178894262,28.93349509
-8.524360072,-7.084387444,28.83125494
-8.431902894,-6.996767846,28.72162505
-8.339970087,-6.91624613,28.60522608
-8.248975326,-6.842983334,28.48268261
-8.154749135,-6.773908115,28.34789937
-8.062439056,-6.713071545,28.20774121
-7.972460427,-6.660515661,28.0629246
-7.885201518,-6.616239556,27.91415303
-7.795118949,-6.577936442,27.7511133
-7.708986898,-6.549010648,27.58515366
-7.627181136,-6.529340728,27.41708018
-7.550040325,-6.518773323,27.24767139
-7.470878841,-6.517449798,27.06054049
-7.398094329,-6.526672017,26.87367307
-7.331996339,-6.546152319,26.68800183
-7.272846407,-6.575584384,26.50441911
-7.212788717,-6.622184458,26.29357493
-7.162800082,-6.681426273,26.08807172
-7.123087768,-6.752775111,25.88917106
-7.093789421,-6.835686904,25.69807524
-7.074402936,-6.933906856,25.50828647
-7.066455103,-7.043477338,25.32951289
-7.069909998,-7.16374848,25.16297564
-7.08466966,-7.29405184,25.00984472
-7.11027737,-7.432307512,24.87250762
-7.146629342,-7.579014534,24.75049035
-7.193481945,-7.733415669,24.64481477
-7.25053825,-7.894701834,24.55645124
-7.311015646,-8.046677183,24.4918793
-7.379356368,-8.202917176,24.44305794
-7.455226362,-8.362647876,24.41059782
-7.538250776,-8.525033786,24.39505181
-7.622971325,-8.680225799,24.39635627
-7.713331705,-8.836156212,24.41359003
-7.808906325,-8.991934545,24.44704391
-7.909230398,-9.14661148,24.49692836
-8.009273538,-9.292747242,24.56020567
-8.112727162,-9.436003325,24.63869
-8.219072854,-9.575390599,24.73231303
-8.327756113,-9.709881904,24.84090211
-8.434034079,-9.833730133,24.95930798
-8.541367495,-9.951077158,25.09096511
-8.649163023,-10.06093317,25.23540332
-8.756800484,-10.16230872,25.39203524
-8.860965946,-10.252036,25.55579832
-8.963740378,-10.33186791,25.72970568
-9.064480955,-10.40094124,25.91286889
-9.16253415,-10.45844305,26.10428692
-9.254145376,-10.50231934,26.29613523
-9.342016932,-10.53405205,26.49355098
-9.425544667,-10.55310154,26.69534064
-9.504136003,-10.55902256,26.90023456
-9.574099128,-10.55209242,27.09771966
-9.638529604,-10.53264546,27.29558577
-9.696958112,-10.50057747,27.49257004
-9.748946754,-10.45589436,27.68738975
-9.793703666,-10.39930072,27.87699166
-9.831379963,-10.33066527,28.0619278
-9.861658511,-10.25032593,28.24095206
-9.884272164,-10.15873211,28.41285633
-9.899379615,-10.05262391,28.58211439
-9.905853059,-9.935785594,28.7412538
-9.903577184,-9.809062613,28.8891291
-9.892508211,-9.673397622,29.02470283
-9.873220528,-9.533169792,29.14441625
-9.845648243,-9.386421812,29.25073459
-9.8099445,-9.234235461,29.34302078
-9.766326262,-9.077725823,29.42077005
-9.719775576,-8.931875297,29.47879113
-9.667100718,-8.784246293,29.52415696
-9.608593944,-8.63571083,29.55676138
-9.544581813,-8.487123946,29.5765891
-9.478184464,-8.345003019,29.58366997
-9.407375068,-8.204325141,29.57913751
-9.33251844,-8.065775832,29.56318722
-9.253996043,-7.93000164,29.53607604
-9.172546593,-7.798145704,29.49829519
-9.08825909,-7.670203118,29.45011384
-9.001544436,-7.546686282,29.39193221
-8.912816766,-7.428058004,29.32418846
-8.820746039,-7.312612452,29.24579424
-8.727457454,-7.203064899,29.15848556
-8.633386142,-7.0997529,29.0628121
-8.538958524,-7.002961342,28.95934039
-8.440972814,-6.909603722,28.84426181
-8.34350723,-6.823742806,28.72205867
-8.246999055,-6.745540196,28.59339222
-8.151865704,-6.675108025,28.45892152
-8.053277372,-6.609202994,28.31125235
-7.957111724,-6.552080758,28.15859775
-7.863784147,-6.503730724,28.00170659
-7.773679693,-6.46410155,27.84130889
-7.680632893,-6.431069323,27.66542183
-7.592145041,-6.407911052,27.48715452
-7.508583445,-6.394451712,27.30734098
-7.430275231,-6.390488643,27.12678249
-7.349934032,-6.396923932,26.92663179
-7.276749132,-6.414431971,26.72752368
-7.211011679,-6.442670579,26.53042716
-7.152961754,-6.481285165,26.33626654
-7.094645551,-6.539657167,26.11228546
-7.04752703,-6.61135628,25.89501002
-7.011774415,-6.695782866,25.68577552
-6.987482616,-6.79233553,25.48585498
-6.974527209,-6.902914417,25.29242914
-6.97354782,-7.024882757,25.11127505
-6.984461933,-7.157578278,24.94361809
-7.007127978,-7.300320305,24.79063757
-7.040236081,-7.448018532,24.65709232
-7.084046145,-7.603852557,24.53951398
-7.138295218,-7.767083975,24.43888899
-7.202671529,-7.936919273,24.35615868
-7.270286615,-8.097699379,24.29680022
-7.345805346,-8.262584458,24.25389814
-7.428880192,-8.430784003,24.2280641
-7.5191229,-8.601440237,24.21985268
-7.611188781,-8.765142529,24.22884092
-7.708941368,-8.929352031,24.25457833
-7.811933777,-9.093128192,24.29735831
-7.919677745,-9.255465124,24.35738945
-8.026765141,-9.408507335,24.43111588
-8.137213549,-9.558244326,24.52077187
-8.250477055,-9.703622866,24.62627002
-8.365971137,-9.843547958,24.74741093
-8.478440143,-9.971775865,24.8782212
-8.591800932,-10.09288621,25.02278151
-8.705430117,-10.20582991,25.18057632
-8.818675782,-10.30955896,25.35096468
-8.927898134,-10.40069142,25.52819254
-9.035456858,-10.48115942,25.71579001
-9.14067884,-10.55005797,25.91279926
-9.24287997,-10.60653776,26.11814313
-9.337349656,-10.64828379,26.32165514
-9.427787497,-10.6772735,26.53056794
-9.513578607,-10.69296748,26.74363751
-9.594120482,-10.69492569,26.95954324
-9.66567788,-10.68364216,27.16734806
-9.731396255,-10.65929858,27.37519745
-9.790799871,-10.6218091,27.5817838
-9.843445696,-10.57120259,27.78578142
-9.888582046,-10.50819655,27.98423309
-9.926303126,-10.43268735,28.17751269
-9.956290151,-10.34504943,28.36433627
-9.978276135,-10.24577252,28.5434621
-9.992400078,-10.13111905,28.71988684
-9.997501219,-10.00538179,28.88547098
-9.993470347,-9.869466305,29.03904163
-9.98027244,-9.724377532,29.17954129
-9.958874418,-9.576665676,29.30187128
-9.929067902,-9.422482695,29.41040913
-9.891013722,-9.262927247,29.50454041
-9.844935204,-9.099128371,29.58378264
-9.795848898,-8.946119357,29.64307649
-9.740508439,-8.791405057,29.68935808
-9.679211804,-8.635872214,29.72253611
-9.612290909,-8.480388781,29.74261022
-9.542793518,-8.331337763,29.74963621
-9.468759231,-8.18385206,29.74470883
-9.390559842,-8.038629638,29.72803834
-9.308583668,-7.896327694,29.69989653
-9.223473838,-7.757939659,29.66073523
-9.13542164,-7.623636732,29.61086635
-9.044845993,-7.493938733,29.55070586
-8.95216887,-7.369314096,29.4807073
-8.855904003,-7.247846488,29.39967066
-8.758343274,-7.132486312,29.3094477
-8.659930535,-7.023572708,29.21060377
-8.561100605,-6.921390521,29.10372015
-8.458424572,-6.822598339,28.98478219
-8.356221125,-6.731534908,28.85847951
-8.254936467,-6.648357444,28.72548717
-8.154996439,-6.573172481,28.58647662
-8.051284769,-6.502466178,28.43375915
-7.949980621,-6.440777737,28.27583852
-7.851507657,-6.388086922,28.11347305
-7.756258609,-6.344332282,27.94740038
-7.657749013,-6.307108399,27.76531571
-7.56380852,-6.279968553,27.58063263
-7.474810931,-6.262725459,27.39418598
-7.391089407,-6.255164945,27.20677605
-7.305026331,-6.257791317,26.99939036
-7.226117232,-6.271627408,26.79276127
-7.154657278,-6.296323775,26.58784082
-7.090891048,-6.331521304,26.38553534
-7.025854571,-6.386016856,26.15153358
-6.972037718,-6.454011823,25.92373017
-6.929618823,-6.534916839,25.7034264
-6.898705119,-6.628148338,25.49186222
-6.878685937,-6.738575212,25.28060359
-6.871368134,-6.861274542,25.08160676
-6.876683682,-6.995581487,24.89616406
-6.894503806,-7.140822308,24.72552302
-6.923133377,-7.289574784,24.57705479
-6.962875909,-7.447090292,24.44432958
-7.013493188,-7.612688857,24.32836529
-7.074701803,-7.785642549,24.23014459
-7.140960117,-7.952677464,24.15544744
-7.215832304,-8.124714917,24.09771369
-7.298985996,-8.30098965,24.05764619
-7.390048226,-8.480665797,24.0358988
-7.483795019,-8.654197446,24.03277246
-7.583951358,-8.829118861,24.04729652
-7.690079888,-9.004483802,24.07987264
-7.801699669,-9.179270148,24.13082246
-7.91312689,-9.344911254,24.19697211
-8.02859441,-9.50797685,24.2802727
-8.147554925,-9.667364968,24.38074293
-8.269417899,-9.82191716,24.49828815
-8.388117473,-9.964111416,24.62650833
-8.508293933,-10.09966213,24.76985391
-8.629311342,-10.22743533,24.92789502
-8.750499219,-10.34628356,25.10006889
-8.867118648,-10.45157652,25.27923551
-8.982568577,-10.54641266,25.47018469
-9.096155038,-10.62977836,25.67201968
-9.207166385,-10.70070353,25.8837124
-9.310931305,-10.75637558,26.09575502
-9.410968809,-10.79890152,26.31470582
-9.506612078,-10.82760147,26.53930525
-9.597200693,-10.84189221,26.76819846
-9.677727934,-10.84170618,26.98758409
-9.752591473,-10.82785784,27.20822275
-9.821266123,-10.80014532,27.42876628
-9.883255019,-10.75848382,27.64783294
-9.937157882,-10.70404462,27.8601067
-9.98375313,-10.63634366,28.06824614
-10.02266982,-10.55565199,28.27091009
-10.05358491,-10.46236165,28.46678519
-10.07666033,-10.35432988,28.65895819
-10.09081994,-10.23430352,28.84134696
-10.09588818,-10.10307567,29.01270461
-10.09175883,-9.961548452,29.17188253
-10.0783165,-9.810057966,29.31843159
-10.05558998,-9.650300929,29.4506886
-10.02368333,-9.483453927,29.56783637
-9.982773594,-9.31074536,29.66920359
-9.938121266,-9.150205359,29.7470018
-9.886507146,-8.986859451,29.8111054
-9.828206446,-8.82167269,29.86132099
-9.763534542,-8.655599282,29.89755698
-9.696250905,-8.497263596,29.91909414
-9.623831094,-8.339770813,29.92800269
-9.546635772,-8.183884622,29.92443499
-9.465046357,-8.030330893,29.90861266
-9.38027116,-7.881171535,29.88113211
-9.291981519,-7.735603461,29.84223511
-9.20059308,-7.594206655,29.79230216
-9.106528046,-7.457509985,29.73175762
-9.008743383,-7.324046696,29.6599214
-8.909091553,-7.196368834,29.5781462
-8.808020224,-7.074870586,29.48697611
-8.705971113,-6.959890193,29.3869763
-8.599826338,-6.848095932,29.27484494
-8.493572519,-6.743843567,29.15454334
-8.387666717,-6.647338861,29.02673396
-8.282548344,-6.558733792,28.89207957
-8.173259628,-6.474147216,28.74373704
-8.065777445,-6.398487081,28.58931006
-7.960543361,-6.331773642,28.42954663
-7.85797033,-6.273981875,28.26517683
-7.751598326,-6.221949872,28.08500309
-7.649149316,-6.179938123,27.90121574
-7.551021453,-6.147792223,27.71463078
-7.457574344,-6.125326642,27.52603121
-7.361157693,-6.111593767,27.31844531
-7.271092593,-6.108878224,27.11029096
-7.18770426,-6.116865447,26.90246686
-7.111270325,-6.135228082,26.69582736
-7.032960478,-6.16836441,26.46288686
-6.964259823,-6.214038042,26.23369024
-6.905388595,-6.271758605,26.00933434
-6.856507416,-6.341042873,25.79086173
-6.813054725,-6.433655296,25.54994795
-6.782844166,-6.540035281,25.31942635
-6.765896279,-6.659513943,25.100675
-6.762163599,-6.791434401,24.89501961
-6.771027196,-6.930276853,24.70974611
-6.79202352,-7.079558489,24.53907558
-6.824975276,-7.238663438,24.38412854
-6.869660333,-7.406949566,24.24599805
-6.922683872,-7.574542382,24.13142691
-6.985788144,-7.749164209,24.03386997
-7.058684459,-7.930126132,23.95420369
-7.141044632,-8.116674492,23.89327118
-7.227630812,-8.298139303,23.85350309
-7.322064224,-8.483104108,23.83199753
-7.423956943,-8.670700241,23.82936355
-7.532877752,-8.859974833,23.84614902
-7.643440967,-9.042015696,23.88091304
-7.759562535,-9.223632471,23.93431941
-7.880733176,-9.403733115,24.00663568
-8.006395647,-9.581145301,24.09802802
-8.129867106,-9.746688355,24.20301277
-8.256298228,-9.907485649,24.3253441
-8.385069023,-10.06232095,24.46484119
-8.515515253,-10.20993228,24.62118923
-8.641135224,-10.34309425,24.78599472
-8.766975665,-10.46729241,24.9652536
-8.892338535,-10.58135191,25.1582922
-9.016495107,-10.684108,25.36429172
-9.13535979,-10.77210743,25.57614022
-9.251638101,-10.84730468,25.79829911
-9.36458573,-10.90873202,26.02959749
-9.473449565,-10.95549796,26.26873257
-9.571070915,-10.98529407,26.49863657
-9.663808177,-11.00092709,26.7328803
-9.751039372,-11.0019164,26.97009807
-9.832159304,-10.98789442,27.20885399
-9.903793166,-10.96005063,27.43829233
-9.968741303,-10.91801061,27.66638387
-10.0265318,-10.86178635,27.89172449
-10.07673051,-10.79151543,28.11290346
-10.11888732,-10.70759207,28.32820411
-10.15272698,-10.61031626,28.5365527
-10.1779491,-10.50020478,28.73659525
-10.19431142,-10.37789682,28.92703734
-10.20175172,-10.237433,29.11500711
-10.19911441,-10.0854065,29.2897513
-10.18633756,-9.922935471,29.4500657
-10.16344246,-9.751237478,29.59488926
-10.13339462,-9.585586504,29.71409356
-10.09494248,-9.414262769,29.81868713
-10.04828531,-9.238380577,29.90818026
-9.993678621,-9.05907065,29.98221004
-9.936118965,-8.890482298,30.03689791
-9.872257442,-8.720832851,30.07793933
-9.802415394,-8.551016021,30.10532037
-9.726944974,-8.381899253,30.11911426
-9.648432086,-8.218738026,30.11963824
-9.565322069,-8.057776739,30.10764357
-9.478008463,-7.899716056,30.08340301
-9.386899286,-7.745210183,30.04724774
-9.292137715,-7.594438292,29.99940799
-9.194417398,-7.448417317,29.9404046
-9.094178181,-7.307658269,29.87070953
-8.991861007,-7.172616189,29.79082843
-8.885360437,-7.040633971,29.69900186
-8.777613789,-6.915445425,29.59764749
-8.669084509,-6.797367655,29.48738019
-8.560224847,-6.686660135,29.36882596
-8.446854606,-6.579308426,29.23708562
-8.334087529,-6.480367189,29.09774735
-8.222386803,-6.389958605,28.95152709
-8.112192814,-6.308152505,28.79913155
-7.997549228,-6.23088775,28.63170308
-7.885533549,-6.163282472,28.45893308
-7.776581549,-6.105270635,28.28160821
-7.671095477,-6.056745595,28.10048839
-7.561732418,-6.014913074,27.90191678
-7.457243288,-5.983720441,27.70067289
-7.358006172,-5.96292977,27.49760148
-7.264356281,-5.952279912,27.29350699
-7.167825523,-5.951963675,27.06796037
-7.07880197,-5.963276561,26.84308379
-6.99757511,-5.985826374,26.6198112
-6.924383157,-6.019219011,26.39902691
-6.84926519,-6.071473577,26.1452231
-6.785617914,-6.137401245,25.89724587
-6.73360616,-6.216413724,25.65631546
-6.69332873,-6.307944251,25.42359293
-6.662474041,-6.423200142,25.17690243
-6.646035544,-6.55241965,24.94309561
-6.643941577,-6.694912749,24.7235953
-6.656056999,-6.850002425,24.51978252
-6.679526712,-7.002888441,24.34764788
-6.714639117,-7.165285959,24.19091013
-6.76118676,-7.336631199,24.05059254
-6.818926038,-7.516326173,23.92770111
-6.884726686,-7.696348811,23.82691052
-6.960343816,-7.882864174,23.74401261
-7.045471478,-8.075173488,23.67985581
-7.139765572,-8.272503253,23.63525711
-7.23872724,-8.466191698,23.61154528
-7.345435149,-8.66287573,23.60730344
-7.459468941,-8.86160688,23.62313672
-7.580361273,-9.061340008,23.6595818
-7.702234522,-9.252722156,23.71430752
-7.829435167,-9.442859007,23.7887349
-7.961408172,-9.630546231,23.88309101
-8.097545809,-9.814491647,23.99748733
-8.230127424,-9.984513533,24.12471144
-8.365250178,-10.14865389,24.26987859
-8.502245167,-10.30559766,24.43271834
-8.640396526,-10.45398602,24.61281126
-8.77254041,-10.5862641,24.80013001
-8.904334347,-10.70825065,25.00197457
-9.035035014,-10.818712,25.21754462
-9.163868637,-10.91643521,25.44588379
-9.285907786,-10.99769891,25.67776097
-9.404695651,-11.06491829,25.91937592
-9.519463848,-11.11713748,26.16943041
-9.629438634,-11.15349162,26.42649364
-9.726795966,-11.17239848,26.67065298
-9.818699708,-11.17637716,26.91817338
-9.904534051,-11.16501438,27.1676208
-9.983703772,-11.13801849,27.41749913
-10.05328748,-11.09695932,27.65773422
-10.11562837,-11.04114122,27.89548355
-10.17026714,-10.97066429,28.12929396
-10.21678629,-10.88576014,28.35771641
-10.25497199,-10.78628553,28.58035275
-10.28424773,-10.6731153,28.79466026
-10.30433684,-10.54688299,28.99925708
-10.3150257,-10.40834707,29.19283566
-10.31599788,-10.25173769,29.38162559
-10.30648899,-10.08383098,29.55581209
-10.28648502,-9.905858849,29.71424426
-10.25605717,-9.719143922,29.85592761
-10.21958235,-9.543453858,29.96921549
-10.17483464,-9.362817015,30.06752718
-10.12204033,-9.178341875,30.15046771
-10.06147736,-8.991143473,30.21776384
-9.997954119,-8.814216071,30.26649294
-9.928200907,-8.636786293,30.30130164
-9.852556065,-8.459740436,30.32223516
-9.771386243,-8.283933243,30.32942229
-9.686887097,-8.11369125,30.32333236
-9.597854533,-7.946161324,30.30450763
-9.504696619,-7.782033529,30.27326734
-9.407834046,-7.621947748,30.22998587
-9.306996798,-7.465437627,30.17466923
-9.203291234,-7.314173495,30.10805083
-9.097169906,-7.168648886,30.03064185
-8.989084697,-7.02929872,29.94298364
-8.876451887,-6.892942045,29.84283265
-8.762704965,-6.76385535,29.73309457
-8.648318001,-6.642330771,29.61441706
-8.533752033,-6.528601272,29.48745498
-8.414288186,-6.418242867,29.34659795
-8.295610906,-6.31674096,29.19815892
-8.178191047,-6.224185799,29.04287944
-8.062474704,-6.140615034,28.8814876
-7.941944248,-6.061703554,28.70423048
-7.824282432,-5.992849324,28.52171725
-7.709928191,-5.933949217,28.3347514
-7.59928497,-5.884860859,28.14410544
-7.484471713,-5.842691479,27.9350951
-7.374829035,-5.811491571,27.72355589
-7.27073183,-5.790984843,27.51033858
-7.172510451,-5.780875056,27.29624993
-7.071177062,-5.781419983,27.05964276
-6.977698138,-5.793849959,26.82388589
-6.892352407,-5.817739456,26.58990709
-6.815366495,-5.852666595,26.35858192
-6.736106619,-5.907018135,26.09228308
-6.668758353,-5.975290201,25.83202021
-6.613467935,-6.056875063,25.57899728
-6.570316518,-6.151196135,25.33435896
-6.536333392,-6.271726958,25.07077925
-6.517681984,-6.406928831,24.82068576
-6.514270522,-6.556103891,24.58555019
-6.525944478,-6.718579692,24.36680636
-6.549025136,-6.87478368,24.1860315
-6.583862186,-7.040638911,24.02053322
-6.630256707,-7.215642557,23.87131354
-6.687978953,-7.399263263,23.7393657
-6.755043253,-7.586375219,23.62811075
-6.832405975,-7.7805743,23.53519161
-6.919773228,-7.981202789,23.46151239
-7.01681517,-8.187526693,23.40795524
-7.119691615,-8.39203477,23.37607151
-7.230934133,-8.600272979,23.36462461
-7.350129987,-8.811293557,23.37431837
-7.47681801,-9.024040934,23.40579468
-7.605222073,-9.229145177,23.45713477
-7.739573887,-9.433608656,23.5295786
-7.87931101,-9.636166722,23.62345951
-8.023812981,-9.835449,23.73899365
-8.164437141,-10.01981871,23.86845206
-8.308088591,-10.19857853,24.01736209
-8.454076076,-10.37030878,24.18552847
-8.601654461,-10.53352941,24.3725972
-8.742228668,-10.67894013,24.56681457
-8.882781476,-10.81398877,24.7769344
-9.022539217,-10.93732294,25.00219103
-9.160691284,-11.04760004,25.24164895
-9.291904383,-11.14053858,25.48556001
-9.420026557,-11.21887972,25.74053545
-9.544238416,-11.28152978,26.00524963
-9.663709419,-11.32748351,26.27822541
-9.769081962,-11.35430218,26.53619704
-9.869029229,-11.36549096,26.79843212
-9.962892864,-11.36053975,27.06344782
-10.05003173,-11.33906297,27.32968596
-10.12670231,-11.30270679,27.58464187
-10.196086,-11.25081544,27.83773682
-10.25768498,-11.18341918,28.08745937
-10.31104098,-11.10068505,28.33229243
-10.35565215,-11.00313787,28.57022802
-10.39126703,-10.8910627,28.80029148
-10.41756887,-10.76503816,29.02103574
-10.43430195,-10.62577507,29.23107967
-10.441351,-10.46726252,29.4374179
-10.43762312,-10.29634331,29.62929103
-10.4230529,-10.11422974,29.80544097
-10.39766094,-9.922238284,29.96476242
-10.36495213,-9.738701829,30.09525363
-10.32337169,-9.54918627,30.21017394
-10.27311992,-9.354863538,30.30903146
-10.21445372,-9.156921231,30.39146468
-10.15249469,-8.970291338,30.45327942
-10.08379328,-8.782522409,30.50053436
-10.00867663,-8.594559446,30.53322483
-9.92750363,-8.40731913,30.55143647
-9.84289893,-8.226299365,30.55541482
-9.753291523,-8.047594741,30.54601918
-9.659085477,-7.871947398,30.52354231
-9.560700164,-7.700049834,30.48833736
-9.458208587,-7.531972111,30.44062685
-9.352393972,-7.368914323,30.38097037
-9.243710511,-7.211416345,30.30986681
-9.132614048,-7.059958261,30.22784934
-9.016754602,-6.911474478,30.13307917
-8.899329845,-6.770168333,30.02807054
-8.780820852,-6.636371666,29.91346799
-8.661697689,-6.510354687,29.78992633
-8.537331298,-6.387472791,29.65230699
-8.413299433,-6.273459026,29.50643877
-8.290085442,-6.16843506,29.35306519
-8.168149591,-6.072466563,29.1929182
-8.040903238,-5.980727367,29.01674288
-7.916069819,-5.899124199,28.83460935
-7.794106106,-5.827575236,28.64732282
-7.675434614,-5.765955495,28.45565819
-7.551987417,-5.710605878,28.24560169
-7.43323392,-5.666304397,28.03223197
-7.319570963,-5.632785834,27.81639176
-7.211351699,-5.609761275,27.5988793
-7.099403267,-5.596218737,27.35954691
-6.994717441,-5.594490667,27.12005568
-6.897597048,-5.604159718,26.88129379
-6.808294111,-5.624809466,26.64409637
-6.716263059,-5.661230893,26.37653951
-6.634898516,-5.710809915,26.11314313
-6.564376349,-5.772987294,25.85495145
-6.504814001,-5.847233729,25.60295135
-6.447851133,-5.951659975,25.30979254
-6.406825921,-6.071983202,25.02847955
-6.38170365,-6.207464532,24.76052043
-6.372379721,-6.35741942,24.5073735
-6.377550523,-6.506749216,24.28995239
-6.39566322,-6.667185943,24.08720889
-6.426541264,-6.838258136,23.90022394
-6.469977803,-7.019488501,23.73007422
-6.522102914,-7.19883018,23.5863241
-6.584932155,-7.386280228,23.45933527
-6.658235128,-7.581347631,23.35001354
-6.741755273,-7.783488587,23.25926111
-6.835471023,-7.992657647,23.18781235
-6.938864009,-8.207630093,23.13683477
-7.051585582,-8.427609801,23.1072058
-7.173244496,-8.651694893,23.09976869
-7.299871308,-8.872854294,23.11461404
-7.43410848,-9.095875807,23.15195292
-7.575450156,-9.319565208,23.21240259
-7.723330398,-9.542597911,23.29648669
-7.869491508,-9.752811585,23.39878564
-8.020396199,-9.959728682,23.52310276
-8.175376354,-10.16185635,23.66955373
-8.333698904,-10.35759896,23.83809962
-8.484718536,-10.53410655,24.0163282
-8.637256242,-10.70200361,24.21353925
-8.790531965,-10.85975689,24.42923332
-8.943713511,-11.00579994,24.66272704
-9.088350575,-11.13225219,24.90025005
-9.231297613,-11.24532802,25.15212219
-9.371712391,-11.34368575,25.41723717
-9.508724442,-11.42603414,25.69431063
-9.633204053,-11.48756657,25.96344736
-9.753149425,-11.53302406,26.24044391
-9.86779482,-11.56156124,26.52381677
-9.9763774,-11.57244767,26.81196277
-10.07212527,-11.56606101,27.0852997
-10.16123932,-11.54319292,27.35981936
-10.2431187,-11.50358557,27.63395154
-10.31719121,-11.44712004,27.90608251
-10.38145545,-11.37575378,28.16824386
-10.43728854,-11.28850304,28.42536613
-10.48426054,-11.18567095,28.67590007
-10.5219922,-11.06770348,28.91832525
-10.55058479,-10.93260403,29.15536359
-10.56896345,-10.78318265,29.38093424
-10.57690855,-10.62034615,29.59360908
-10.57427459,-10.44512948,29.79206898
-10.5611352,-10.26019106,29.97373475
-10.53751265,-10.06543615,30.13916266
-10.5034846,-9.86217536,30.28743891
-10.45920495,-9.65178002,30.41780656
-10.41021966,-9.455422197,30.52031707
-10.35316423,-9.255432091,30.60716914
-10.28830822,-9.052905227,30.67813068
-10.21596524,-8.848927593,30.73308193
-10.14026606,-8.653886299,30.77058246
-10.05841359,-8.459410504,30.79356203
-9.970777897,-8.266377159,30.80217501
-9.877753184,-8.075622,30.79665318
-9.780779986,-7.889835371,30.77756637
-9.679358546,-7.707780693,30.7452844
-9.573924843,-7.530128087,30.70021626
-9.464924134,-7.357490359,30.64281989
-9.351240172,-7.188155836,30.57255971
-9.234833574,-7.025067646,30.49070323
-9.116181634,-6.868683699,30.3978384
-8.995757679,-6.719398179,30.29457626
-8.869966837,-6.572960007,30.17762912
-8.74329288,-6.43475881,30.0509614
-8.616230805,-6.305034721,29.91528461
-8.48925905,-6.183965756,29.77130948
-8.35650654,-6.066260325,29.61193587
-8.224874993,-5.958313418,29.4449962
-8.094850372,-5.860148012,29.27128049
-7.96689008,-5.771734185,29.09155662
-7.833280372,-5.688159529,28.89425354
-7.702985277,-5.615430387,28.69184131
-7.576449476,-5.553365066,28.48515181
-7.454078337,-5.501745644,28.2749773
-7.326868797,-5.457396862,28.04466513
-7.205372984,-5.424632057,27.81206268
-7.089957938,-5.40309403,27.57802286
-6.980943038,-5.392412591,27.34334705
-6.868271271,-5.392780571,27.08423809
-6.764056019,-5.405434952,26.82622732
-6.66855205,-5.429881675,26.57021186
-6.581960871,-5.465641823,26.31703176
-6.49218126,-5.521215745,26.02552195
-6.414976511,-5.590952644,25.74016399
-6.350452915,-5.674211646,25.46208759
-6.298654984,-5.770402843,25.19236323
-6.253803081,-5.900120952,24.88554553
-6.226653732,-6.046369689,24.59347861
-6.217063176,-6.20841529,24.31776427
-6.224824899,-6.385588253,24.05997319
-6.244576629,-6.545698182,23.85835874
-6.276239911,-6.715686787,23.67142874
-6.31963488,-6.895185729,23.50012057
-6.374561998,-7.083813052,23.34537838
-6.438639658,-7.275076162,23.21203537
-6.51315241,-7.47413134,23.09605312
-6.597872429,-7.680514135,22.99832182
-6.69254819,-7.893699052,22.91973357
-6.799744054,-8.118871124,22.85993224
-6.91680425,-8.349828697,22.8221843
-7.043361149,-8.58570761,22.80742933
-7.178999902,-8.825517648,22.81657102
-7.319677069,-9.062254774,22.84935209
-7.468073711,-9.300466408,22.90645475
-7.623637958,-9.538804903,22.98853529
-7.785748606,-9.775769606,23.09614097
-7.944293643,-9.996890766,23.22163611
-8.107406012,-10.21376616,23.37052837
-8.274356868,-10.42473275,23.54289338
-8.444344497,-10.62801441,23.73862931
-8.604797407,-10.80896469,23.94192207
-8.766350193,-10.97998714,24.16486561
-8.928165187,-11.13942457,24.40685501
-9.089349112,-11.28559101,24.66708205
-9.240646874,-11.41030977,24.92958399
-9.389668158,-11.52013276,25.20648714
-9.53551915,-11.61365303,25.49653818
-9.677278229,-11.6895285,25.79829344
-9.803933183,-11.7429027,26.08640585
-9.925506588,-11.77917748,26.38169
-10.0412254,-11.79754058,26.68257294
-10.1503224,-11.79730556,26.98736548
-10.24627961,-11.77959699,27.27621112
-10.33507269,-11.74458577,27.56534035
-10.41610082,-11.69207508,27.85311356
-10.48879504,-11.62201535,28.13785458
-10.55142472,-11.53644145,28.41227421
-10.60506901,-11.43435763,28.68052592
-10.64930589,-11.31615568,28.94100943
-10.68376776,-11.18237598,29.19216386
-10.70859522,-11.03000915,29.43802385
-10.72257951,-10.86292993,29.67096248
-10.72552248,-10.68217202,29.88952461
-10.71730514,-10.48889911,30.09238003
-10.69869604,-10.29122536,30.27254354
-10.66963678,-10.08429896,30.43591833
-10.63023251,-9.869444021,30.58168334
-10.5806601,-9.648034461,30.70917129
-10.52651279,-9.440587722,30.80950802
-10.46427175,-9.229929756,30.89377277
-10.39422079,-9.017162503,30.96178737
-10.31668561,-8.803373071,31.01348364
-10.23553435,-8.598127594,31.04779774
-10.14817593,-8.393844142,31.06721726
-10.05499268,-8.191404827,31.07193797
-9.95638986,-7.991646751,31.0622313
-9.853535935,-7.796721461,31.03865352
-9.746194466,-7.605944362,31.00158034
-9.63481307,-7.419983744,30.9514576
-9.519847615,-7.239447476,30.88877798
-9.399836534,-7.06212486,30.81277768
-9.277092901,-6.891481424,30.72495952
-9.152105111,-6.727964768,30.62594448
-9.025356511,-6.571956309,30.51637389
-8.892803276,-6.418707708,30.39253074
-8.759394836,-6.274131677,30.25881941
-8.625636458,-6.138449197,30.11597962
-8.492015606,-6.011817467,29.96474701
-8.352116938,-5.888482726,29.79740006
-8.21341209,-5.775323748,29.62240501
-8.076395562,-5.672335697,29.4405733
-7.94153186,-5.579460242,29.25269047
-7.800519461,-5.491407383,29.04643658
-7.662941675,-5.414566324,28.83504316
-7.529248218,-5.348720411,28.61935336
-7.399847969,-5.293617584,28.40016681
-7.265186208,-5.245798782,28.16010333
-7.136391387,-5.209832317,27.91774014
-7.013829714,-5.185323193,27.67392622
-6.897818475,-5.171866015,27.42945557
-6.777797404,-5.169348533,27.15997539
-6.666374574,-5.179232427,26.89153104
-6.563796521,-5.200991182,26.62499311
-6.470256226,-5.234117991,26.36117281
-6.372999924,-5.286319928,26.05869064
-6.288322357,-5.352545777,25.76203243
-6.216315108,-5.432144411,25.472255
-6.157010484,-5.524523373,25.19035586
-6.101372996,-5.65513653,24.85525067
-6.064880754,-5.803463404,24.53525891
-6.047361332,-5.968726793,24.23205175
-6.048577544,-6.150246097,23.94726856
-6.063228119,-6.309778258,23.72993667
-6.089976318,-6.479397104,23.52681375
-6.128649602,-6.658799316,23.3388026
-6.179061005,-6.84767897,23.16681894
-6.238149454,-7.03712533,23.01802015
-6.307640781,-7.234660182,22.88560853
-6.387343406,-7.439934293,22.770437
-6.477049281,-7.652550481,22.67337104
-6.579814925,-7.879055849,22.59315108
-6.692717774,-8.112302091,22.53410163
-6.815460052,-8.351599743,22.49719663
-6.947706478,-8.596146065,22.48339777
-7.091610826,-8.849361277,22.49404187
-7.244516467,-9.105912369,22.53053888
-7.405910767,-9.364490185,22.59378365
-7.575208902,-9.623606447,22.68458174
-7.742962935,-9.869031334,22.79714868
-7.916621481,-10.11180948,22.93576742
-8.095454033,-10.35015835,23.10077289
-8.278644306,-10.58213834,23.29231986
-8.451089437,-10.78911704,23.4929741
-8.62569087,-10.98708923,23.71606293
-8.801581097,-11.17419612,23.96116536
-8.977822305,-11.34851299,24.2276377
-9.141861317,-11.49802856,24.49505642
-9.304442475,-11.6330172,24.77942913
-9.464633183,-11.7518514,25.07961814
-9.621459795,-11.85294272,25.39426987
-9.76327792,-11.92962783,25.69822619
-9.900472228,-11.98850019,26.0118709
-10.03218395,-12.02849158,26.33360089
-10.1575496,-12.04865451,26.66166213
-10.26742297,-12.04891584,26.97001418
-10.37039787,-12.03087804,27.28055248
-10.46579942,-11.99415015,27.59156994
-10.55297768,-11.93849218,27.90129705
-10.62886705,-11.86659318,28.19783941
-10.69594903,-11.77699046,28.48978244
-10.75372867,-11.66991331,28.77543599
-10.80175981,-11.54574847,29.05312721
-10.83991638,-11.40380839,29.32338119
-10.8674082,-11.2457687,29.58221885
-10.88395076,-11.07250102,29.82807267
-10.88933231,-10.88502121,30.05947666
-10.88329296,-10.68234145,30.27721728
-10.86565136,-10.46765001,30.47754349
-10.83642384,-10.24236831,30.65933317
-10.79571133,-10.00800152,30.82163544
-10.74920688,-9.789770018,30.95085428
-10.69366904,-9.566610284,31.06307308
-10.62934193,-9.339733658,31.15795951
-10.55651956,-9.110350222,31.23530641
-10.47997234,-8.891734069,31.29234192
-10.3964301,-8.672954769,31.33356478
-10.30625318,-8.45498929,31.35908477
-10.20983038,-8.238775209,31.36909861
-10.10915888,-8.028401973,31.36407418
-10.00325115,-7.821407548,31.34461087
-9.89254345,-7.618548666,31.31110383
-9.777484984,-7.420523105,31.26400445
-9.657351626,-7.226109817,31.20316116
-9.533734819,-7.037872821,31.12952912
-9.407120669,-6.856342465,31.04370197
-9.277994484,-6.681981415,30.94630164
-9.142913594,-6.510346797,30.83459186
-9.006204605,-6.347100114,30.71201612
-8.868379767,-6.192537631,30.5793036
-8.729937476,-6.046887853,30.43718586
-8.584832846,-5.904102927,30.27908191
-8.440117966,-5.771393757,30.11229517
-8.296304949,-5.648819854,29.93763848
-8.153879387,-5.536381022,29.75590343
-8.004602732,-5.427970255,29.55593704
-7.857926243,-5.330816192,29.34973745
-7.714329132,-5.24475009,29.13815511
-7.57425238,-5.169559776,28.92199931
-7.427966033,-5.100534853,28.6852582
-7.286674148,-5.043461722,28.4450183
-7.150783174,-4.997971675,28.20212952
-7.020652017,-4.963676648,27.95738662
-6.88562374,-4.938559818,27.68914453
-6.758171137,-4.925765655,27.42047793
-6.638587396,-4.924776161,27.15222292
-6.527112839,-4.935084002,26.88515415
-6.411696559,-4.959554797,26.58718419
-6.306977371,-4.997024305,26.29257161
-6.213101689,-5.046873484,26.00220157
-6.130160896,-5.108529546,25.71689842
-6.04071284,-5.202951537,25.36335067
-5.96893794,-5.314593172,25.02069226
-5.914760568,-5.44262289,24.6903414
-5.878035132,-5.586327937,24.37365697
-5.859299735,-5.734434968,24.09091105
-5.855486839,-5.895309694,23.82235629
-5.866398182,-6.068578522,23.56907034
-5.891816105,-6.253911113,23.33214086
-5.9256939,-6.42536601,23.1395041
-5.970308178,-6.605590012,22.96093597
-6.025503665,-6.79437608,22.79721199
-6.091117856,-6.991502305,22.64912781
-6.167167897,-7.197202653,22.51721801
-6.253343171,-7.410746821,22.40268939
-6.349458597,-7.631792655,22.30641111
-6.455312775,-7.859935851,22.22926954
-6.576390079,-8.105987324,22.16997058
-6.70763662,-8.358645874,22.13370833
-6.848739199,-8.617125767,22.12153254
-6.999340179,-8.880500954,22.13447743
-7.163769356,-9.155443984,22.17507544
-7.337314788,-9.433052174,22.24439005
-7.519385665,-9.711736065,22.34338747
-7.709300887,-9.989684767,22.47291492
-7.893674863,-10.24763953,22.62261322
-8.083520923,-10.50127804,22.80017637
-8.278009969,-10.74853796,23.00585046
-8.476214108,-10.98718599,23.23966069
-8.659568432,-11.19554442,23.47755082
-8.844291164,-11.39277878,23.738347
-9.029434314,-11.57686917,24.02143881
-9.21397646,-11.74574308,24.32596515
-9.384566338,-11.88765677,24.62828059
-9.552730145,-12.01277868,24.94711936
-9.717469638,-12.11942404,25.28110945
-9.877748493,-12.20597366,25.62864899
-10.01937489,-12.2661741,25.95646417
-10.15553846,-12.30722762,26.29248543
-10.28538695,-12.32816431,26.63498563
-10.40806982,-12.32815251,26.98209851
-10.51538973,-12.30862903,27.30855727
-10.61504341,-12.26983177,27.63556737
-10.70637008,-12.21149401,27.96133595
-10.78873972,-12.13351153,28.28402272
-10.85979534,-12.03871777,28.59360186
-10.92126579,-11.92556186,28.89671364
-10.97267977,-11.79442766,29.19161291
-11.01362087,-11.64586333,29.47659078
-11.04415738,-11.47754249,29.75465461
-11.06316131,-11.29283073,30.01903515
-11.07039082,-11.092803,30.26814807
-11.06568451,-10.87867888,30.50053642
-11.04963573,-10.65877242,30.70873584
-11.02227565,-10.42822085,30.89886992
-10.9836781,-10.18844807,31.0700113
-10.93399272,-9.94093877,31.22139653
-10.87901106,-9.709019599,31.34207892
-10.81515789,-9.473108497,31.4453756
-10.74270478,-9.234405029,31.53106193
-10.66196861,-8.994097129,31.59903224
-10.57721429,-8.763530339,31.6475266
-10.48554436,-8.533570812,31.6798772
-10.38733949,-8.305185273,31.69626867
-10.28300614,-8.079294635,31.69696814
-10.17403984,-7.858856363,31.68252853
-10.05992184,-7.642520294,31.65342866
-9.941105528,-7.43102477,31.6101248
-9.818054994,-7.225044587,31.55312489
-9.68946728,-7.022475733,31.48192445
-9.557514192,-6.826775529,31.39783191
-9.422696407,-6.63844561,31.30149198
-9.285511649,-6.457916792,31.19357263
-9.141818446,-6.279982629,31.07064412
-8.996662923,-6.11109,30.93685683
-8.850569208,-5.951495968,30.79298129
-8.704045312,-5.801388183,30.63978481
-8.550240936,-5.65409171,30.46969653
-8.397050865,-5.517466479,30.29103273
-8.244995347,-5.391522891,30.10463647
-8.094565687,-5.276211678,29.91132367
-7.936686069,-5.164994443,29.69875312
-7.781695364,-5.06553723,29.48014318
-7.63007494,-4.977614394,29.25636048
-7.482265464,-4.900958952,29.02822474
-7.327792298,-4.830654922,28.77853387
-7.178654483,-4.772663613,28.5255981
-7.035251545,-4.726557091,28.27026531
-6.897933369,-4.691892448,28.01332329
-6.755427234,-4.666595498,27.73204885
-6.620853319,-4.6537949,27.4506079
-6.494486778,-4.652919898,27.16981267
-6.376548839,-4.663416899,26.89041081
-6.254209937,-4.688143327,26.57875221
-6.142919735,-4.725867335,26.27063021
-6.042795614,-4.775931017,25.96688248
-5.953900488,-4.83773163,25.66828471
-5.856370059,-4.933273043,25.29412528
-5.777263082,-5.046207377,24.93104543
-5.716450614,-5.175672233,24.58040111
-5.673736859,-5.320948527,24.24348943
-5.650158394,-5.468590273,23.94573993
-5.641593708,-5.628826651,23.66175202
-5.647828377,-5.801341636,23.3925188
-5.668635458,-5.985875238,23.13904815
-5.698103484,-6.154494682,22.93390959
-5.738096903,-6.331760045,22.74194128
-5.788474421,-6.517542351,22.56384826
-5.849092798,-6.711707453,22.40035964
-5.919843703,-6.914204439,22.25216445
-6.000560749,-7.124769313,22.1201286
-6.091097534,-7.343186714,22.00506586
-6.191298849,-7.56919406,21.90781634
-6.305865077,-7.812531884,21.82633581
-6.430555743,-8.063323836,21.7661653
-6.56514606,-8.321017307,21.72833407
-6.709380285,-8.584943484,21.71388127
-6.876060712,-8.876766621,21.72579482
-7.053278155,-9.173743855,21.76764757
-7.240528501,-9.474424986,21.84070567
-7.437218794,-9.777111249,21.94615581
-7.634712572,-10.06837979,22.07918769
-7.839587642,-10.35768318,22.24405167
-8.051010323,-10.64276153,22.44140486
-8.268025436,-10.92110679,22.67167846
-8.467591423,-11.16402036,22.90767473
-8.669925749,-11.3970252,23.17049108
-8.87403138,-11.61779096,23.45977914
-9.078814822,-11.82387671,23.77490795
-9.265427115,-11.99711887,24.08450874
-9.450624405,-12.15401409,24.41392738
-9.633355766,-12.29257688,24.76194195
-9.812514298,-12.41085176,25.12706494
-9.972783147,-12.49990365,25.47567409
-10.12812652,-12.56885383,25.83563594
-10.27758311,-12.61639813,26.20518005
-10.4201798,-12.64136411,26.58235086
-10.5441149,-12.64353007,26.93322253
-10.66068805,-12.6251705,27.28693449
-10.76914974,-12.58577804,27.64160806
-10.86877294,-12.52501264,27.9952849
-10.95540922,-12.44645193,28.33185207
-11.03266446,-12.34807507,28.66378953
-11.09998346,-12.23007164,28.98924231
-11.15685947,-12.09280614,29.30636545
-11.20288939,-11.93659846,29.6137337
-11.23758554,-11.76233862,29.90912332
-11.26061015,-11.57091579,30.19081536
-11.27169895,-11.36338047,30.45719172
-11.27055501,-11.13756466,30.71027589
-11.25680619,-10.89780962,30.94458877
-11.23042051,-10.64564623,31.15884687
-11.19145593,-10.38270726,31.35194986
-11.14569808,-10.13801053,31.50704634
-11.09001382,-9.887270746,31.64368326
-11.02462638,-9.631813336,31.76145342
-10.94981318,-9.372968811,31.86008606
-10.87081213,-9.126634585,31.93552847
-10.78401824,-8.879571177,31.99376725
-10.68978488,-8.632855269,32.03488623
-10.58849725,-8.387524829,32.05906479
-10.48259682,-8.148982005,32.06658246
-10.37071611,-7.913631723,32.05836157
-10.25329316,-7.682315108,32.0347998
-10.13078188,-7.455811941,31.99635744
-10.00276345,-7.233345206,31.94314086
-9.870550961,-7.01715416,31.87593841
-9.73463948,-6.80783705,31.79536411
-9.595525861,-6.605920096,31.70206449
-9.449840328,-6.406725754,31.59370419
-9.301838491,-6.216238254,31.47338168
-9.152048644,-6.03480362,31.34185708
-9.000987471,-5.862694406,31.19989496
-8.842341229,-5.693049422,31.04124667
-8.68341573,-5.533964219,30.8729034
-8.524746939,-5.385527225,30.69571324
-8.366846032,-5.247760489,30.510503
-8.200789901,-5.11328651,30.30624161
-8.036690879,-4.990657125,30.09478821
-7.875060194,-4.879707374,29.87702555
-7.716371686,-4.780221789,29.65379278
-7.549900564,-4.685944931,29.40913427
-7.387810401,-4.604201305,29.16002076
-7.230545313,-4.534597201,28.90731858
-7.078501519,-4.476713095,28.6518342
-6.920117434,-4.42673134,28.37284698
-6.768654228,-4.38941695,28.09235452
-6.624441515,-4.364203144,27.81116823
-6.487754977,-4.350529019,27.53003218
-6.346153919,-4.348166709,27.22118997
-6.214193988,-4.358438714,26.91407002
-6.092051783,-4.380678493,26.60943692
-5.979849344,-4.414261445,26.30798939
-5.861215324,-4.467215799,25.95998138
-5.75634668,-4.53408301,25.61816106
-5.665227576,-4.614114565,25.28340492
-5.58778758,-4.706656225,24.95652879
-5.526658187,-4.80588428,24.65330975
-5.477703319,-4.91553285,24.3585663
-5.440783044,-5.035255379,24.07291887
-5.415741756,-5.164767945,23.79697774
-5.4024136,-5.303843943,23.53134843
-5.400636048,-5.452303176,23.2766423
-5.410246375,-5.610004211,23.03348256
-5.431081368,-5.776840153,22.8025082
-5.46156221,-5.945851491,22.59246037
-5.502148026,-6.123180842,22.39490274
-5.552711529,-6.308773158,22.21046958
-5.613128053,-6.502572431,22.03982242
-5.683628742,-6.705480913,21.88295417
-5.763838623,-6.916522728,21.74143212
-5.853642156,-7.135579481,21.61602311
-5.952920328,-7.362493957,21.50752667
-6.066632941,-7.607744302,21.41313788
-6.190407546,-7.861042111,21.339108
-6.324080141,-8.121988076,21.28645755
-6.467464016,-8.390079611,21.25623305
-6.632415596,-8.685937313,21.24998359
-6.808064436,-8.988407241,21.27231072
-6.994038292,-9.296325145,21.32455501
-7.189892002,-9.608297361,21.4080221
-7.403216576,-9.934870615,21.52911534
-7.625927888,-10.26188954,21.68655599
-7.857182361,-10.58685336,21.88147402
-8.095986471,-10.90691614,22.11476849
-8.314257781,-11.18546434,22.35556348
-8.536666752,-11.45507027,22.62756285
-8.762143628,-11.71301788,22.93068987
-8.989493553,-11.95641079,23.2645429
-9.192889264,-12.15883755,23.58781612
-9.39568634,-12.34496281,23.93414974
-9.596765743,-12.51247758,24.30243577
-9.79493403,-12.65906876,24.69126043
-9.973201342,-12.77324981,25.06479695
-10.14691146,-12.86612922,25.45259139
-10.31499101,-12.93606878,25.85280888
-10.47634141,-12.98155675,26.26338195
-10.61523288,-13.00047787,26.64085577
-10.74689508,-12.99749773,27.02304307
-10.87049646,-12.97189654,27.4079674
-10.98522103,-12.92312796,27.79354359
-11.08503576,-12.855191,28.15759981
-11.17549943,-12.76597533,28.51834614
-11.25598655,-12.65551975,28.87381704
-11.32591537,-12.52404858,29.22203637
-11.384221,-12.37358507,29.5577084
-11.43117914,-12.20351139,29.88243327
-11.46637954,-12.01459468,30.19436855
-11.48948116,-11.8077776,30.49175512
-11.50033422,-11.57762778,30.78061312
-11.49789446,-11.33111773,31.05063524
-11.48203809,-11.06978713,31.30029186
-11.4527364,-10.7953082,31.52823865
-11.41467585,-10.53703782,31.7148646
-11.36576616,-10.27085977,31.88203654
-11.30618403,-9.998207812,32.02918108
-11.23616778,-9.720537156,32.15587592
-11.16152263,-9.457661639,32.25559534
-11.07830364,-9.192880284,32.33708081
-10.98683971,-8.927369746,32.40032867
-10.8874967,-8.6622746,32.4454423
-10.78347028,-8.405352057,32.47215688
-10.67274078,-8.1508627,32.48211219
-10.55573279,-7.899739167,32.47565882
-10.43289094,-7.652854781,32.45321928
-10.30451535,-7.410724745,32.41522522
-10.17123605,-7.174411667,32.36224077
-10.03354278,-6.944597885,32.29485833
-9.891930928,-6.721892758,32.21371066
-9.743665763,-6.502179534,32.11724351
-9.592364404,-6.290952309,32.00783372
-9.438557523,-6.08863292,31.88623764
-9.282767839,-5.895566465,31.75322242
-9.119132829,-5.704813884,31.60354543
-8.954473414,-5.524599339,31.44321386
-8.78933677,-5.355076805,31.27308514
-8.624248737,-5.196328517,31.09400014
-8.450408252,-5.040301629,30.89593472
-8.277751044,-4.896271738,30.68972401
-8.106810723,-4.764124782,30.47626964
-7.938086431,-4.643688818,30.25643238
-7.760552769,-4.527550908,30.01509432
-7.586612797,-4.424237557,29.76833531
-7.416745859,-4.333383533,29.51704485
-7.251385148,-4.254588854,29.2620526
-7.078462622,-4.182603096,28.98365323
-6.911668373,-4.123601302,28.70273858
-6.751377271,-4.077016061,28.42013399
-6.597910301,-4.042276475,28.13659471
-6.438756881,-4.017241249,27.82735456
-6.288310691,-4.004881863,27.51863531
-6.14679658,-4.004509066,27.21117582
-6.01438389,-4.01546588,26.905645
-5.876295254,-4.040599043,26.5645998
-5.750000296,-4.078497134,26.22755273
-5.635541382,-4.12841221,25.89521826
-5.532908021,-4.189670885,25.56824745
-5.413428099,-4.288892608,25.13805051
-5.314994415,-4.406314241,24.71996515
-5.237303383,-4.540921252,24.31524448
-5.179987049,-4.691919751,23.92507879
-5.146769146,-4.833918012,23.60315745
-5.127965341,-4.987246103,23.29349503
-5.123325573,-5.151711286,22.99682719
-5.132601234,-5.327194413,22.7139091
-5.151302833,-5.485353586,22.48429668
-5.179799928,-5.651455798,22.26573512
-5.217967356,-5.82550473,22.05875205
-5.265686739,-6.00751593,21.86390098
-5.322802823,-6.197368219,21.68189213
-5.389250618,-6.395209362,21.51318916
-5.464939456,-6.601043442,21.3584373
-5.549782646,-6.814856797,21.21831642
-5.647494899,-7.04530953,21.08905315
-5.754904306,-7.284241941,20.97718633
-5.871920159,-7.531512739,20.88360355
-5.998444385,-7.786915752,20.80923317
-6.143750832,-8.067968739,20.7521749
-6.299604805,-8.357495575,20.71929819
-6.465827308,-8.654894041,20.71186219
-6.642200489,-8.959402305,20.73115082
-6.846090852,-9.298950761,20.78426961
-7.06135219,-9.644357841,20.87250833
-7.287456371,-9.993792833,20.99750931
-7.523754154,-10.3450752,21.16081893
-7.766569379,-10.69161733,21.36127153
-8.017665178,-11.03461438,21.60172968
-8.275948789,-11.37081208,21.88309403
-8.54013907,-11.69657138,22.20591107
-8.771082213,-11.96547879,22.51700477
-9.004225254,-12.22089673,22.85869749
-9.238362106,-12.45987831,23.23043387
-9.472164347,-12.67935056,23.63128241
-9.680261357,-12.85689067,24.01424523
-9.885785723,-13.0138718,24.41825996
-10.08752735,-13.14798606,24.84173823
-10.2842142,-13.25698716,25.28277202
-10.45511775,-13.33156814,25.69116522
-10.61989171,-13.38277355,26.11002792
-10.77751779,-13.40927745,26.53731174
-10.92697012,-13.40991812,26.97077689
-11.05611626,-13.38688577,27.37215333
-11.17670469,-13.34061844,27.77468887
-11.28795623,-13.27069594,28.17628199
-11.38911993,-13.17689176,28.57476005
-11.47638503,-13.06388124,28.95370259
-11.55300118,-12.92883726,29.32564222
-11.61840245,-12.77212047,29.68854701
-11.67207848,-12.594287,30.04041422
-11.71382692,-12.39460528,30.38164206
-11.74282243,-12.17523313,30.70773985
-11.75874089,-11.93732199,31.01686999
-11.76134089,-11.68219693,31.30732684
-11.75092919,-11.41875859,31.57061457
-11.72767907,-11.14193187,31.81342376
-11.6916024,-10.85332861,32.03461985
-11.64279371,-10.55464381,32.23325131
-11.58733008,-10.27496521,32.39406558
-11.5216133,-9.989746693,32.53502206
-11.44588742,-9.700373447,32.65580538
-11.36044767,-9.408226231,32.75623642
-11.27028705,-9.128448244,32.83297057
-11.17195266,-8.848560197,32.89123519
-11.06581642,-8.569690399,32.931193
-10.95228097,-8.292920877,32.9531025
-10.83353629,-8.023144866,32.95737403
-10.70845891,-7.757349804,32.94485375
-10.57750587,-7.496408799,32.91601775
-10.44114928,-7.241126601,32.87140337
-10.29857033,-6.990010036,32.81099205
-10.15149374,-6.746089492,32.73577217
-10.00043415,-6.509972795,32.64643405
-9.845907236,-6.282189408,32.54369732
-9.68387993,-6.057054254,32.42482183
-9.519287146,-5.841628775,32.29338089
-9.352677511,-5.636245699,32.15020502
-9.184587134,-5.441158887,31.99612427
-9.007688845,-5.248247411,31.82412462
-8.830322309,-5.066930646,31.64202064
-8.653044705,-4.897260255,31.45072064
-8.476387199,-4.739217338,31.25110507
-8.290036634,-4.584026305,31.03097866
-8.105524819,-4.441684666,30.80340922
-7.923384307,-4.311966059,30.56932356
-7.744108508,-4.194591074,30.32959703
-7.555384244,-4.081967611,30.06694257
-7.370996697,-3.982744007,29.79969012
-7.191407827,-3.896441301,29.5287238
-7.017029359,-3.822554517,29.25485925
-6.834981144,-3.75610143,28.95671127
-6.659828078,-3.702848864,28.65692076
-6.491907115,-3.662130396,28.35627386
-6.331499003,-3.633287945,28.05548173
-6.165382579,-3.614614817,27.72801228
-6.008700552,-3.608500177,27.4018809
-5.861621513,-3.614182965,27.07776051
-5.724258675,-3.63094761,26.75625329
-5.579673066,-3.662706016,26.39381352
-5.447803238,-3.707085711,26.03617752
-5.328615483,-3.763277953,25.68398841
-5.222024688,-3.830566644,25.33782666
-5.122608525,-3.913350528,24.97791513
-5.037022712,-4.007276731,24.62595631
-4.965051959,-4.111815219,24.28249964
-4.906458397,-4.22653838,23.94806971
-4.860989324,-4.351115115,23.6231735
-4.828397065,-4.485297793,23.3083137
-4.808436987,-4.628914618,23.00399824
-4.800867954,-4.781865538,22.71074609
-4.804413487,-4.926668808,22.45805814
-4.817553848,-5.078928498,22.21506294
-4.840149934,-5.238678465,21.98217987
-4.8720724,-5.405976531,21.75985059
-4.912440562,-5.577909371,21.55198343
-4.961617143,-5.7572963,21.35523928
-5.01951767,-5.944223701,21.17011676
-5.086066946,-6.138778629,20.99714561
-5.163692601,-6.347507967,20.83207738
-5.250390668,-6.564513973,20.68118847
-5.346110111,-6.789848186,20.54517732
-5.450804241,-7.02353245,20.42478527
-5.571524011,-7.280322838,20.31510241
-5.70223053,-7.546398941,20.22484092
-5.842868631,-7.821602467,20.15504714
-5.99337147,-8.105684457,20.10681977
-6.167086868,-8.422392763,20.08026865
-6.352104611,-8.7484591,20.08178513
-6.548244317,-9.083071564,20.11292864
-6.755268172,-9.425193686,20.17528596
-6.99359312,-9.806142402,20.28100735
-7.244038703,-10.19246432,20.42799788
-7.50593595,-10.58164136,20.6182343
-7.778442418,-10.97067508,20.85353027
-8.04797933,-11.3393105,21.12213237
-8.325169568,-11.70108033,21.43453851
-8.608692749,-12.05199794,21.791492
-8.897001915,-12.38764868,22.19326241
-9.140963541,-12.6536249,22.56423292
-9.385839126,-12.90244292,22.96597633
-9.630303014,-13.13091786,23.39758324
-9.872906264,-13.33577563,23.85772237
-10.08828429,-13.49714593,24.29462334
-10.29964843,-13.63426629,24.75154467
-10.50569512,-13.74477237,25.22650588
-10.70506588,-13.82641218,25.71718856
-10.87408419,-13.87273885,26.16046768
-11.0358286,-13.8936927,26.61184746
-11.18929391,-13.88812192,27.06909511
-11.33347736,-13.85506631,27.529808
-11.45795103,-13.7992291,27.95766192
-11.57281001,-13.7187167,28.38413611
-11.67729588,-13.61331185,28.80700518
-11.77068693,-13.48300802,29.22399711
-11.85026616,-13.33250118,29.62194078
-11.91810382,-13.15901441,30.0099951
-11.97366719,-12.96315504,30.38605353
-12.01648782,-12.74573529,30.74806867
-12.04659488,-12.50308309,31.1004326
-12.06270333,-12.24038486,31.43417172
-12.06454899,-11.95911315,31.74743787
-12.05196122,-11.66091304,32.03855513
-12.02723014,-11.36996117,32.28811177
-11.98995646,-11.06748781,32.51615811
-11.9402244,-10.75512666,32.72180623
-11.87819174,-10.43456588,32.90434461
-11.81018297,-10.13276944,33.0519137
-11.732114,-9.826839914,33.17902434
-11.64426691,-9.518153203,33.28551323
-11.54696961,-9.20806627,33.37134595
-11.44465157,-8.90927413,33.43457878
-11.33427754,-8.611577976,33.47890539
-11.21624683,-8.316089495,33.50459993
-11.09098594,-8.023864827,33.51202592
-10.96004117,-7.738212737,33.50178415
-10.82289058,-7.457666666,33.4745136
-10.68001301,-7.183068913,33.43078088
-10.53189943,-6.91518702,33.37120698
-10.37695804,-6.651251888,33.29535144
-10.21768385,-6.395570433,33.2046472
-10.05460899,-6.148704623,33.09985837
-9.888263807,-5.911133972,32.98177088
-9.713663314,-5.676049195,32.84676126
-9.536713656,-5.451652169,32.69932398
-9.357976832,-5.238215529,32.5403471
-9.177999546,-5.035931139,32.37071025
-8.988314588,-4.835707954,32.18211423
-8.798439734,-4.64795454,31.98370666
-8.608940821,-4.472649324,31.77643595
-8.420354813,-4.309700557,31.56121444
-8.221114244,-4.149594569,31.32427821
-8.024060011,-4.00306831,31.08032119
-7.8297266,-3.869811117,30.83028976
-7.638606451,-3.749462187,30.57507085
-7.437262474,-3.63402793,30.29588674
-7.240659027,-3.532501573,30.01261806
-7.049249387,-3.444314971,29.72614244
-6.863434034,-3.368879552,29.4372624
-6.669649726,-3.301104705,29.12376096
-6.483156693,-3.246712265,28.80914162
-6.304269014,-3.204954855,28.49415279
-6.133243207,-3.175100881,28.17946418
-5.956366571,-3.155313283,27.83818838
-5.789223316,-3.147897797,27.49865515
-5.631946386,-3.152030954,27.16146964
-5.484613694,-3.16694231,26.82716572
-5.328529424,-3.196246792,26.44944991
-5.185425361,-3.237713255,26.07672151
-5.055217641,-3.290474289,25.70952617
-4.937772146,-3.353764269,25.34834729
-4.829855177,-3.429340328,24.9827099
-4.735092257,-3.514780547,24.62435502
-4.653237498,-3.609564653,24.27368228
-4.584026564,-3.713271456,23.9310685
-4.527183526,-3.825573573,23.59687353
-4.482438454,-3.94622561,23.27145109
-4.449526098,-4.075058025,22.95515677
-4.428186441,-4.211973754,22.648353
-4.418637081,-4.342950262,22.37893662
-4.418212006,-4.480547609,22.1179024
-4.426755173,-4.624813012,21.86555459
-4.444121999,-4.775824285,21.62221513
-4.46938366,-4.929431856,21.39427562
-4.502782926,-5.089646302,21.17553385
-4.544230003,-5.256595209,20.96634843
-4.593647119,-5.430418084,20.76710304
-4.652550846,-5.616016899,20.57348081
-4.719720688,-5.809165207,20.39122336
-4.795116929,-6.010021067,20.22084042
-4.878710667,-6.218736088,20.06287869
-4.975793075,-6.447660454,19.91030532
-5.081977361,-6.685634116,19.772953
-5.197263988,-6.932763827,19.65161279
-5.321657913,-7.189115123,19.54713033
-5.466296508,-7.476456063,19.45423367
-5.621585683,-7.774517763,19.38327956
-5.787524187,-8.083128756,19.33555615
-5.964093293,-8.401993208,19.31242337
-6.168921218,-8.761252147,19.3169242
-6.386267846,-9.131413312,19.35437918
-6.615963067,-9.511392687,19.42679665
-6.857752753,-9.899787452,19.53622071
-7.119355508,-10.30722422,19.68997389
-7.392918086,-10.71938038,19.88749918
-7.677738814,-11.13337925,20.13090469
-7.97292017,-11.54581026,20.42210238
-8.261418989,-11.93190009,20.74391931
-8.557072567,-12.30912806,21.11132974
-8.858484703,-12.67313541,21.52500538
-9.164018706,-13.01912074,21.98509286
-9.424559278,-13.29412891,22.41065134
-9.685399857,-13.54907984,22.86849956
-9.945095364,-13.78045328,23.35751127
-10.20206806,-13.98465089,23.87608424
-10.42936503,-14.14203016,24.36581473
-10.65174165,-14.27186651,24.87582861
-10.86778977,-14.37162593,25.40383617
-11.07604603,-14.43892121,25.94717841
-11.24985639,-14.46934907,26.43042359
-11.41558211,-14.47217668,26.92076995
-11.57218884,-14.44628533,27.41579616
-11.71864876,-14.39077098,27.91291318
-11.84469272,-14.31208806,28.37407481
-11.96030338,-14.20693327,28.83236242
-12.06470878,-14.07518775,29.28540472
-12.15717824,-13.91696088,29.73079439
-12.2352951,-13.73723188,30.15598636
-12.30078197,-13.53312304,30.56930129
-12.3531059,-13.30539892,30.96852511
-12.39180364,-13.0550413,31.35152098
-12.41678919,-12.77828897,31.72246906
-12.42692631,-12.48081697,32.07245552
-12.42197411,-12.16429598,32.39960947
-12.40179006,-11.8305698,32.70225486
-12.36999159,-11.51230796,32.95609225
-12.32547552,-11.18298127,33.18726677
-12.26835017,-10.84427942,33.39497917
-12.19879434,-10.49793638,33.57860751
-12.12328676,-10.17101535,33.7271688
-12.03752229,-9.840456248,33.85434788
-11.94179762,-9.507673133,33.96004887
-11.83645367,-9.174054629,34.04430464
-11.72579215,-8.851912153,34.10553285
-11.6068753,-8.531448164,34.14709348
-11.48011491,-8.213799892,34.16932228
-11.34594899,-7.900043715,34.1726435
-11.20574764,-7.593116875,34.15771438
-11.05916557,-7.291961683,34.12518041
-10.90669298,-6.997430716,34.07566647
-10.7488314,-6.710297303,34.0098498
-10.58371402,-6.427297501,33.92717046
-10.41411891,-6.153267204,33.82925104
-10.24058852,-5.888763582,33.71690869
-10.06366291,-5.634257769,33.59097935
-9.877929665,-5.382297807,33.44755034
-9.689731108,-5.141756524,33.29147272
-9.499638773,-4.912887719,33.12367997
-9.308208324,-4.69586181,32.94509323
-9.106332405,-4.480806248,32.74692647
-8.904177309,-4.278934517,32.53887421
-8.702317967,-4.090192985,32.32192029
-8.501299882,-3.914456218,32.09700797
-8.288662552,-3.741336697,31.84966871
-8.078150307,-3.582460035,31.59535134
-7.870306581,-3.437470305,31.33502501
-7.665632092,-3.305960824,31.06959457
-7.449666859,-3.179108512,30.77952686
-7.238409043,-3.066714866,30.48549615
-7.03231957,-2.968153888,30.18838539
-6.831805685,-2.882779645,29.88899755
-6.622612951,-2.804865336,29.56502849
-6.420669084,-2.740643919,29.24007648
-6.226290869,-2.689304355,28.91486943
-6.039736762,-2.650052736,28.5900528
-5.847265674,-2.620347471,28.24031859
-5.664346555,-2.602914399,27.89233145
-5.491108451,-2.596873534,27.54664161
-5.327625402,-2.601398301,27.20372678
-5.155210028,-2.618185651,26.82135429
-4.995163134,-2.646389988,26.44353004
-4.847396105,-2.685098744,26.07069107
-4.71177097,-2.733496046,25.70321293
-4.566177344,-2.802594338,25.27406282
-4.437105285,-2.883315911,24.85339969
-4.324158435,-2.974793462,24.44163695
-4.226907156,-3.07632578,24.03914546
-4.153614394,-3.174062442,23.69117099
-4.091940455,-3.278948665,23.35093739
-4.041583097,-3.390775379,23.01866665
-4.002245125,-3.509408494,22.69458277
-3.975828133,-3.622981082,22.40756559
-3.958064191,-3.742104544,22.12766667
-3.948767408,-3.866808336,21.85507453
-3.947763679,-3.997157216,21.58998974
-3.954461415,-4.127790042,21.34259133
-3.96854176,-4.26382964,21.10252198
-3.989894114,-4.405403907,20.87000053
-4.018420639,-4.552659713,20.64526302
-4.054569547,-4.707879298,20.42567904
-4.097933989,-4.869285407,20.2146386
-4.148459561,-5.037070309,20.01245141
-4.206105245,-5.211435039,19.81945272
-4.274000025,-5.401106201,19.62778264
-4.349645515,-5.598442441,19.44701247
-4.43304423,-5.803678757,19.27762881
-4.524211604,-6.017044382,19.12015846
-4.630853871,-6.25559829,18.96489525
-4.746549196,-6.504039786,18.8248045
-4.871360242,-6.762585977,18.70071342
-5.005357603,-7.031414179,18.59351515
-5.163715691,-7.33965009,18.4961204
-5.333424802,-7.660610313,18.42178451
-5.514583122,-7.994262657,18.37199921
-5.707273989,-8.340437565,18.34835991
-5.933775894,-8.73728651,18.35469957
-6.174481366,-9.148329368,18.39750524
-6.429345253,-9.572502806,18.4793338
-6.698225535,-10.00834566,18.60283361
-6.971616389,-10.43958171,18.76463332
-7.257533029,-10.87779533,18.97051988
-7.555438212,-11.32028357,19.22291113
-7.864606157,-11.76379077,19.52408946
-8.163972914,-12.17726852,19.85275443
-8.47145311,-12.58459179,20.22767006
-8.785852077,-12.98158005,20.64995982
-9.105741893,-13.36356651,21.12029867
-9.397362228,-13.69072618,21.58549681
-9.690665964,-13.9974351,22.08952253
-9.984048829,-14.27937288,22.63150451
-10.27572692,-14.53204632,23.2099889
-10.52825988,-14.72567714,23.74504447
-10.77653816,-14.89016415,24.30467429
-11.01902666,-15.02242681,24.88659049
-11.25411088,-15.1195038,25.48805995
-11.4514966,-15.17319059,26.02533564
-11.64082455,-15.19635242,26.5726378
-11.82091551,-15.18747881,27.12732773
-11.99058512,-15.14528885,27.68654254
-12.13547491,-15.07674322,28.19877224
-12.26977742,-14.97895605,28.70972065
-12.39261734,-14.85159031,29.21680251
-12.50315497,-14.6945579,29.71736583
-12.59739309,-14.51508462,30.19160984
-12.67875314,-14.30854348,30.65481412
-12.74661186,-14.07556882,31.1045527
-12.80041196,-13.81703548,31.53845747
-12.84000206,-13.53091763,31.95855054
-12.86430272,-13.22122415,32.3578558
-12.87297376,-12.88956866,32.73425816
-12.86577176,-12.53776818,33.08582707
-12.84470278,-12.19432912,33.38892491
-12.80973956,-11.83695173,33.66781438
-12.76091836,-11.46747251,33.92144733
-12.69835403,-11.08779926,34.14897148
-12.62875101,-10.73085549,34.33482601
-12.54786239,-10.36849922,34.49761392
-12.45594701,-10.00229445,34.63711273
-12.35331391,-9.633790954,34.75324518
-12.24511129,-9.279526185,34.84275216
-12.12772879,-8.92587257,34.91097989
-12.00155601,-8.574102223,34.95820354
-11.86701359,-8.225430279,34.98479998
-11.72642027,-7.885382527,34.99128365
-11.57856665,-7.550527514,34.97865801
-11.42393022,-7.221838232,34.94752681
-11.26300414,-6.900208188,34.89855687
-11.09491379,-6.583927201,34.83186413
-10.92147784,-6.27639886,34.74856254
-10.74323307,-5.978286438,34.64947349
-10.56071803,-5.690164265,34.53544571
-10.36949908,-5.405321572,34.40377778
-10.17492971,-5.131954647,34.25824018
-9.97758236,-4.870409839,34.09978684
-9.77801791,-4.620945197,33.92936615
-9.567955003,-4.373643168,33.73974421
-9.356680895,-4.139799401,33.53915295
-9.144779893,-3.919439879,33.32860751
-8.932811468,-3.712511851,33.10908759
-8.708683956,-3.507725745,32.86768813
-8.485683703,-3.317659194,32.61833411
-8.264377098,-3.142019992,32.3620353
-8.045292351,-2.980455785,32.09974021
-7.813460888,-2.822430685,31.81291182
-7.585300746,-2.679562686,31.52122498
-7.361316386,-2.551261318,31.22561254
-7.14196191,-2.436904225,30.92692701
-6.911831648,-2.328804841,30.60336847
-6.687957398,-2.235247152,30.27802165
-6.47071999,-2.15541036,29.95166329
-6.260442515,-2.088477956,29.62498312
-6.043565463,-2.030264496,29.27594637
-5.835215136,-1.98492908,28.92788684
-5.635592348,-1.95154845,28.58137141
-5.444841539,-1.929239807,28.23688872
-5.24812592,-1.916587859,27.86611747
-5.062002508,-1.914966884,27.49867684
-4.886470026,-1.923445507,27.13494799
-4.72147774,-1.941165239,26.77524924
-4.548432466,-1.971151455,26.37595203
-4.388399066,-2.010825216,25.98238653
-4.241142601,-2.059294421,25.59480453
-4.106389654,-2.115777256,25.21341138
-3.971517099,-2.186785963,24.79890654
-3.851134436,-2.26600482,24.39236402
-3.74478916,-2.352796804,23.99394321
-3.65201629,-2.446655823,23.60378425
-3.585505015,-2.528942813,23.28892012
-3.527621134,-2.61559534,22.97980764
-3.478118989,-2.70649857,22.67651602
-3.436759585,-2.801581462,22.37911699
-3.404278335,-2.897523219,22.09706362
-3.379010716,-2.997351924,21.82066955
-3.360774472,-3.101099667,21.55001443
-3.349398192,-3.208826436,21.28518551
-3.344753896,-3.318197608,21.03172163
-3.346395967,-3.431561922,20.78402824
-3.354204077,-3.549037898,20.5422135
-3.368069894,-3.670762271,20.30639655
-3.388105429,-3.798054149,20.07465094
-3.414131291,-3.929998654,19.84929258
-3.44607999,-4.066779737,19.63048331
-3.48389689,-4.208594007,19.41840076
-3.529478674,-4.361871084,19.20487376
-3.581353641,-4.521076892,18.99909419
-3.639508773,-4.686463598,18.80132551
-3.703945223,-4.858291024,18.61185625
-3.77975802,-5.049313047,18.4189298
-3.862800379,-5.248318429,18.2362588
-3.953128329,-5.455633313,18.06430421
-4.050813244,-5.671581393,17.9035705
-4.167176712,-5.920123542,17.73998228
-4.292730833,-6.179961735,17.59151798
-4.427628849,-6.451478153,17.45906486
-4.572037502,-6.735020312,17.34359371
-4.749766262,-7.075726078,17.23334797
-4.940544979,-7.433048159,17.14863
-5.144653097,-7.807216447,17.0913634
-5.362360395,-8.198295497,17.06364465
-5.622925494,-8.656699622,17.07051441
-5.901197031,-9.135660853,17.12086121
-6.197369582,-9.634138664,17.21841316
-6.511509953,-10.15051098,17.36711986
-6.798110758,-10.6105792,17.54049117
-7.097939162,-11.08042914,17.75814203
-7.410645715,-11.55757765,18.02284356
-7.735702535,-12.03897395,18.33730282
-8.047241369,-12.48558503,18.67529176
-8.36799378,-12.9292856,19.06011831
-8.696987693,-13.36612534,19.49339874
-9.033029035,-13.79162892,19.97638926
-9.366274142,-14.19102718,20.49625602
-9.703289769,-14.56973809,21.06448201
-10.04224368,-14.92221474,21.68066184
-10.38104727,-15.24256815,22.3436428
-10.66577003,-15.48388645,22.93952168
-10.94712911,-15.69394599,23.56576238
-11.22341858,-15.86890105,24.22009784
-11.4928192,-16.004981,24.89970844
-11.72058449,-16.08904954,25.5102585
-11.94030245,-16.13850301,26.13483584
-12.1505907,-16.15126344,26.77049245
-12.35004492,-16.12550284,27.41397179
-12.51805888,-16.06857166,27.99309157
-12.6752507,-15.97871798,28.5728901
-12.82061407,-15.85531999,29.15049508
-12.95317141,-15.69803252,29.7229268
-13.06655924,-15.51683047,30.26005058
-13.16671238,-15.30509984,30.78700662
-13.25290106,-15.06332243,31.30109604
-13.32445759,-14.79225007,31.79965502
-13.38067917,-14.49354704,32.27910359
-13.42119747,-14.16797169,32.73796592
-13.44556771,-13.81705872,33.17386224
-13.45343843,-13.44257782,33.58458288
-13.4453972,-13.06680801,33.9495947
-13.42209176,-12.67344608,34.28848664
-13.38346766,-12.26450137,34.59989247
-13.32955803,-11.84209027,34.88266335
-13.26709093,-11.44655097,35.11502791
-13.19213394,-11.04335926,35.32219997
-13.10489861,-10.63426326,35.50379678
-13.00565341,-10.22101186,35.65960085
-12.90043241,-9.825772886,35.7837805
-12.78496632,-9.429828252,35.88466349
-12.65961711,-9.034614503,35.96245088
-12.52478303,-8.641516539,36.01746139
-12.38384751,-8.259581006,36.04968896
-12.23465387,-7.88214539,36.06094765
-12.07766295,-7.510327707,36.05181719
-11.9133559,-7.145166729,36.02295308
-11.74202979,-6.787210244,35.97501314
-11.56438913,-6.437765176,35.90880322
-11.38096128,-6.097620761,35.82515171
-11.19227985,-5.76747452,35.72492441
-10.99517017,-5.441974603,35.60667237
-10.79373703,-5.12803552,35.47311057
-10.58854909,-4.826112203,35.3252183
-10.3801681,-4.536566532,35.16397727
-10.16159245,-4.250048042,34.98396905
-9.94079001,-3.977305652,34.79176838
-9.718347493,-3.71845961,34.58842564
-9.494831918,-3.473544979,34.3749622
-9.259234913,-3.230981176,34.14066134
-9.023665315,-3.003637304,33.89736672
-8.788702014,-2.791303271,33.64612947
-8.554891468,-2.593700198,33.38794439
-8.307646413,-2.399005824,33.10629552
-8.062872646,-2.220168496,32.81888354
-7.821105838,-2.056662357,32.52669038
-7.582836984,-1.90791793,32.2306202
-7.331908249,-1.76422492,31.91000114
-7.086003283,-1.636010157,31.58680537
-6.845561297,-1.522480487,31.26186648
-6.610967515,-1.422832607,30.93592932
-6.368424139,-1.331240692,30.58916756
-6.133199352,-1.253458302,30.24272043
-5.905572158,-1.188546464,29.89719676
-5.68576622,-1.135591665,29.55312238
-5.463191647,-1.091824617,29.19326558
-5.249599083,-1.05932535,28.8359501
-5.045077101,-1.037160304,28.48154783
-4.849666396,-1.024448467,28.13036651
-4.646057122,-1.020395107,27.74965979
-4.453315968,-1.025685428,27.37337847
-4.271337423,-1.039391119,27.00172849
-4.09997462,-1.060663874,26.63486653
-3.918478765,-1.092928189,26.22528893
-3.750051437,-1.132914797,25.82211144
-3.594346321,-1.179741178,25.4254078
-3.450987081,-1.232637988,25.03521868
-3.334980103,-1.283560868,24.69801468
-3.227905765,-1.338266935,24.36584096
-3.129483723,-1.396424875,24.03868853
-3.039430918,-1.45775515,23.71654337
-2.96459623,-1.516062027,23.42804287
-2.89623542,-1.576656573,23.143651
-2.83414449,-1.639423977,22.86335383
-2.77812333,-1.704275975,22.58713825
-2.728530504,-1.770355456,22.31815245
-2.684496374,-1.83836855,22.05313208
-2.645848221,-1.90829427,21.79206993
-2.612419965,-1.980130553,21.53496155
-2.583665017,-2.055015607,21.27803347
-2.559970206,-2.131916911,21.0251791
-2.541190031,-2.210881659,20.77640422
-2.527187589,-2.291972059,20.53171885
-2.517736054,-2.376458162,20.28776495
-2.51294702,-2.463299871,20.04805167
-2.512710446,-2.552600566,19.81260428
-2.516926012,-2.644475667,19.58145382
-2.525640829,-2.740272951,19.35177947
-2.538749486,-2.838980863,19.12659496
-2.556182553,-2.940749915,18.90595255
-2.57788085,-3.045740505,18.68991231
-2.604925842,-3.15855385,18.4701413
-2.636493656,-3.275235478,18.25551028
-2.672556321,-3.395993654,18.04611698
-2.713097434,-3.521045898,17.84207112
-2.761140597,-3.659054691,17.63099815
-2.814259291,-3.802459964,17.42627986
-2.872479415,-3.951551341,17.22809945
-2.935840766,-4.106627551,17.03666074
-3.011262498,-4.283847204,16.83483581
-3.093018545,-4.46903845,16.64171167
-3.181219844,-4.662621779,16.45765651
-3.275995435,-4.86502486,16.28307971
-3.393956326,-5.110588967,16.09365654
-3.521159327,-5.369192053,15.91828905
-3.657888987,-5.641500915,15.75785417
-3.804455741,-5.928171852,15.61333269
-4.022493125,-6.34662835,15.4427415
-4.260664527,-6.794966097,15.30747534
-4.519940095,-7.274544439,15.21124159
-4.801318715,-7.786441457,15.15827733
-5.072864022,-8.272861698,15.15148146
-5.363619893,-8.785977613,15.18708474
-5.674199693,-9.325513233,15.269352
-6.005122963,-9.890637779,15.40293829
-6.299458287,-10.38464493,15.55868251
-6.608591,-10.89441739,15.75747053
-6.932523177,-11.41814195,16.00261919
-7.271108459,-11.95344828,16.29752952
-7.59039369,-12.44617016,16.61070508
-7.921071607,-12.94325381,16.97014538
-8.262579974,-13.44144849,17.37828171
-8.614164208,-13.93694492,17.83736475
-8.963800106,-14.41069857,18.33308058
-9.320907998,-14.87322077,18.88011853
-9.68414947,-15.31939845,19.47953786
-10.05193364,-15.74359708,20.13184663
-10.39910949,-16.11576993,20.79112133
-10.74688916,-16.4578144,21.49603095
-11.09328781,-16.7640493,22.24511884
-11.43610318,-17.02862782,23.03613586
-11.73241565,-17.22198736,23.7632563
-12.02231362,-17.37457502,24.51765884
-12.30390446,-17.48251086,25.29605106
-12.57520624,-17.54213796,26.0945576
-12.7967347,-17.55227888,26.78756732
-13.00797079,-17.52300822,27.48884989
-13.20758003,-17.452735,28.19502874
-13.39422998,-17.34018349,28.90248257
-13.5524171,-17.19947459,29.54715811
-13.69766071,-17.02220614,30.18659157
-13.82899292,-16.80825175,30.81760924
-13.94549192,-16.55780222,31.43698958
-14.04342058,-16.28073422,32.02309695
-14.12585363,-15.97064446,32.59226535
-14.19211716,-15.62860638,33.14160894
-14.24161688,-15.25598664,33.66834754
-14.27376959,-14.85568526,34.16835828
-14.28832601,-14.42854556,34.64077717
-14.28496259,-13.97672361,35.08333431
-14.26346147,-13.50259181,35.4940016
-14.22829814,-13.05669718,35.83647183
-14.17819573,-12.59667929,36.15027271
-14.11322045,-12.12463892,36.43448102
-14.03351312,-11.6427326,36.68838449
-13.94644985,-11.18812228,36.89666466
-13.8470824,-10.72867593,37.07810981
-13.73568843,-10.26616123,37.23263245
-13.6125944,-9.802318575,37.36029996
-13.48329158,-9.355801337,37.45809477
-13.34384938,-8.911118613,37.53148079
-13.19467457,-8.469693471,37.58088577
-13.03620452,-8.032879256,37.60684415
-12.87117944,-7.607626594,37.61009425
-12.69803103,-7.189264579,37.59182456
-12.5172514,-6.77886145,37.55279786
-12.32934837,-6.377394416,37.49384034
-12.13394116,-5.983984745,37.4154358
-11.93241306,-5.601292206,37.31874742
-11.72531069,-5.230024767,37.2047458
-11.51318306,-4.8707923,37.07442567
-11.29221196,-4.517315342,36.92574202
-11.06716773,-4.177341147,36.76221706
-10.83862584,-3.851220615,36.5849287
-10.60715185,-3.539210267,36.39494421
-10.36528048,-3.231564472,36.18623816
-10.1214657,-2.939278192,35.96621605
-9.876287346,-2.662356485,35.73597907
-9.63030365,-2.400722545,35.49658806
-9.372488174,-2.143016034,35.2372528
-9.114965382,-1.901646022,34.97011049
-8.858291956,-1.676291618,34.69621102
-8.602992048,-1.466570259,34.41654011
-8.335474714,-1.261623836,34.11601146
-8.070575191,-1.073048096,33.81108068
-7.808790565,-0.900233431,33.50267288
-7.550576054,-0.742535646,33.19163353
-7.28338666,-0.592293215,32.86260227
-7.021034299,-0.457217163,32.53231434
-6.763904212,-0.336496351,32.20148927
-6.512335221,-0.229316347,31.8707651
-6.248556529,-0.128314678,31.51615255
-5.991845698,-0.041014203,31.16290695
-5.742458732,0.033556225,30.81154872
-5.500601567,0.09634009,30.4625197
-5.23683474,0.154191364,30.07179132
-4.983021458,0.199440699,29.68493255
-4.739257965,0.233277455,29.3022903
-4.505582697,0.25682282,28.92413321
-4.266326754,0.271826065,28.52405441
-4.038558877,0.277417942,28.12952497
-3.822147256,0.274708178,27.74065626
-3.616913863,0.264714944,27.35750787
-3.41173002,0.247244649,26.9584363
-3.218507609,0.223655555,26.56575869
-3.036914097,0.194841275,26.1794217
-2.866589217,0.161599026,25.79934744
-2.722931737,0.128557566,25.46331296
-2.587765236,0.092967983,25.1321704
-2.460797225,0.055232956,24.80583587
-2.341730159,0.015707322,24.48422214
-2.242264335,-0.020685787,24.20218033
-2.14859693,-0.058058031,23.92373656
-2.060519827,-0.096241717,23.64882868
-1.977826414,-0.135091358,23.37739548
-1.903737115,-0.172676102,23.12152417
-1.834192743,-0.210660993,22.8687126
-1.769023632,-0.248967353,22.61891167
-1.70806349,-0.287530077,22.37207388
-1.652269474,-0.325505747,22.13309063
-1.600211885,-0.363637819,21.89686577
-1.551747869,-0.401896482,21.66335956
-1.506738707,-0.440261031,21.43253389
-1.465321313,-0.478458872,21.20588621
-1.427054334,-0.516743769,20.98181282
-1.391816889,-0.555117057,20.76028106
-1.35949255,-0.593586468,20.54125977
-1.329891245,-0.632273319,20.32411899
-1.303000536,-0.671088873,20.1094443
-1.27871872,-0.710056283,19.89720854
-1.256948659,-0.749203376,19.68738588
-1.237410423,-0.788970272,19.47782004
-1.220252834,-0.828989695,19.27066843
-1.205391656,-0.869301623,19.06590832
-1.192747252,-0.909949618,18.86351825
-1.182086119,-0.951674177,18.66013316
-1.173567055,-0.993846225,18.45915757
-1.167122369,-1.036520316,18.26057271
-1.162688984,-1.079753954,18.06436112
-1.160161805,-1.124995949,17.86445338
-1.159654675,-1.170965323,17.66703669
-1.161115021,-1.217732867,17.47209605
-1.164495091,-1.26537218,17.27961792
-1.169944583,-1.315480345,17.08374321
-1.177348721,-1.366681564,16.89046156
-1.186672342,-1.419064131,16.69976321
-1.197885295,-1.472719308,16.51164021
-1.211690375,-1.530629873,16.31654603
-1.22753593,-1.590164324,16.12428953
-1.24540584,-1.651438192,15.93486859
-1.265289674,-1.714570806,15.74828384
-1.288793942,-1.784329952,15.55175736
-1.314602025,-1.856513269,15.35849089
-1.342723831,-1.93128067,15.16849681
-1.37317631,-2.008797706,14.98179212
-1.4093608,-2.097364146,14.78042435
-1.448432634,-2.189692574,14.58309223
-1.490445015,-2.286026335,14.38984067
-1.535461176,-2.386618483,14.20072384
-1.590470699,-2.506678496,13.9905013
-1.649595873,-2.633003504,13.78583424
-1.712979293,-2.766014754,13.58685508
-1.780780793,-2.906152864,13.39371895
-1.862094762,-3.071957447,13.18478218
-1.94943625,-3.247933039,12.98367665
-2.043107667,-3.43478645,12.79074488
-2.143440439,-3.633258519,12.60638464
-2.253177511,-3.848788189,12.42739588
-2.370654716,-4.07811121,12.2583888
-2.496317956,-4.322125808,12.10001246
-2.630647129,-4.581764293,11.95301202
-2.759717706,-4.83025084,11.83083627
-2.896657845,-5.092972289,11.71931846
-3.041885801,-5.370670801,11.61925604
-3.195841759,-5.664097823,11.53154444
-3.356102121,-5.968540281,11.45834297
-3.525690119,-6.289623764,11.3990967
-3.705073618,-6.628049803,11.35498957
-3.894735632,-6.984495758,11.32733788
-4.103037829,-7.374293363,11.31760221
-4.323512022,-7.784873031,11.32897744
-4.556721155,-8.216809042,11.36346728
-4.803227163,-8.670562295,11.42328321
-5.08436841,-9.184292643,11.5188774
-5.382257288,-9.723912876,11.65003961
-5.697509581,-10.28927,11.82043216
-6.030676972,-10.87981874,12.03404047
-6.344480774,-11.42899268,12.26541291
-6.673272688,-11.99647014,12.53815821
-7.01720707,-12.580706,12.85574273
-7.376318448,-13.17965247,13.22177148
-7.718623453,-13.73919616,13.60287559
-8.073383828,-14.30644297,14.03067797
-8.440246939,-14.87839724,14.50803948
-8.818694874,-15.45151067,15.03773
-9.192539934,-15.99937169,15.598341
-9.575633181,-16.54027199,16.21180886
-9.966966888,-17.06942543,16.87993089
-10.36531318,-17.58148314,17.60409628
-10.78993725,-18.09476346,18.42659374
-11.2186888,-18.57508515,19.31231743
-11.64922863,-19.0143412,20.26060331
-12.07888052,-19.40395658,21.26968374
-12.44312917,-19.69085949,22.17811586
-12.80243571,-19.92921813,23.12612746
-13.15453294,-20.11334922,24.11021495
-13.4969993,-20.23772645,25.12603188
-13.78220251,-20.29289103,26.02216492
-14.05663638,-20.29667893,26.93410554
-14.31852856,-20.2462794,27.85752391
-14.56607956,-20.13927957,28.78765889
-14.77148474,-19.99599343,29.61122989
-14.96300126,-19.80592623,30.4321851
-15.13938748,-19.56843819,31.24653335
-15.29943807,-19.2832912,32.05015815
-15.43515956,-18.96876926,32.79904538
-15.55416584,-18.61201162,33.53082262
-15.65556627,-18.21392035,34.24186584
-15.73854583,-17.77577234,34.92862519
-15.8011248,-17.31055429,35.57287863
-15.8448049,-16.81055088,36.18755911
-15.86907196,-16.27795429,36.76977177
-15.87351485,-15.71524551,37.31685737
-15.8596214,-15.16823199,37.79125135
-15.82820766,-14.60002845,38.23157118
-15.77919547,-14.01317085,38.63634678
-15.71259442,-13.41030959,39.00436671
-15.63606523,-12.84524567,39.30898067
-15.5449363,-12.27119309,39.58128589
-15.439406,-11.69034458,39.82093793
-15.31973179,-11.10488897,40.02778908
-15.19312667,-10.54599942,40.19406739
-15.05433853,-9.986754158,40.3309277
-14.90372581,-9.428944519,40.43870541
-14.74168582,-8.874298536,40.51787524
-14.57321608,-8.338478504,40.56807718
-14.39474268,-7.808701844,40.59236266
-14.20672531,-7.286346262,40.5914974
-14.00964668,-6.772696408,40.56633536
-13.80594492,-6.273539884,40.51836224
-13.59435178,-5.785160332,40.44842931
-13.37538849,-5.308519188,40.35756112
-13.14958581,-4.844473942,40.24682513
-12.91680391,-4.392498356,40.11692482
-12.67823472,-3.95461055,39.96928858
-12.4344284,-3.53136834,39.80506452
-12.18593291,-3.123228399,39.6254049
-11.93045364,-2.726258078,39.4292212
-11.67129484,-2.345371213,39.21961078
-11.40900444,-1.98075207,38.99773054
-11.14411823,-1.632496992,38.76471062
-10.87363957,-1.296366717,38.51839483
-10.60156234,-0.976981669,38.26287886
-10.32839736,-0.674205363,37.99922347
-10.05463579,-0.387834541,37.72844179
-9.781376305,-0.118205199,37.45213895
-9.508439449,0.135673399,37.17060796
-9.23625042,0.374161759,36.88470148
-8.96521157,0.59766055,36.59521814
-8.67759776,0.820180064,36.28311218
-8.392159461,1.02668562,35.96861724
-8.109299323,1.217771956,35.65250388
-7.829389794,1.394056665,35.3354757
-7.466071764,1.604577999,34.91790875
-7.109159036,1.79204199,34.50114793
-6.759271261,1.957934538,34.08631339
-6.41694634,2.103736885,33.67436275
-5.977848906,2.267768618,33.13687277
-5.553546036,2.402685614,32.6072654
-5.144688143,2.511623175,32.08667861
-4.751739663,2.597557001,31.57594201
-4.423427869,2.655733664,31.14056232
-4.107441952,2.700380557,30.71327031
-3.803799585,2.733107333,30.29419535
-3.512449747,2.75541221,29.88338034
-3.241626912,2.768398677,29.49296957
-2.982094343,2.77406166,29.11020975
-2.733657746,2.773477019,28.73498256
-2.496087078,2.767632534,28.36713892
-2.25704848,2.756766153,27.9870519
-2.029461455,2.742015774,27.61475709
-1.812962622,2.724253305,27.25001953
-1.607167086,2.704264882,26.89259709
-1.393880091,2.680686443,26.5097935
-1.192370559,2.656108123,26.13512696
-1.002086863,2.63125797,25.76828779
-0.822469073,2.606776694,25.40897659
-0.697963934,2.589490699,25.15169695
-0.578607863,2.572892302,24.89815719
-0.464185465,2.557156576,24.64825618
-0.354482661,2.54244154,24.40189729
-0.249287359,2.528889186,24.15898861
-0.148391155,2.516627651,23.91944323
-0.051588734,2.505772371,23.68317894
0.041322244,2.496426768,23.45011812
0.12822819,2.488866474,23.22622564
0.211813069,2.482901337,23.00523717
0.292252188,2.478600361,22.78709346
0.369717415,2.47602527,22.57173897
0.443267422,2.475229645,22.3623182
0.514251714,2.476209188,22.15550658
0.582822463,2.479006929,21.95126127
0.649128375,2.48366154,21.74954239
0.713167077,2.490190351,21.55077475
0.775235113,2.498633882,21.35445146
0.835468205,2.509021356,21.16054153
0.893998722,2.521379542,20.96901654
0.951267996,2.535818611,20.77880524
1.007072443,2.552299378,20.59095561
1.061535154,2.570844684,20.40544632
1.114776067,2.591476286,20.22225831
1.168631242,2.615009402,20.03538726
1.221430493,2.640815926,19.85096096
1.273294525,2.668919128,19.66896594
1.32434093,2.699342269,19.48939113
1.377192806,2.733814755,19.30340432
1.429396683,2.770900499,19.1200699
1.481076723,2.810629331,18.93938359
1.532354012,2.853032181,18.76134389
1.585784793,2.900371662,18.57761376
1.639033512,2.950723215,18.39679667
1.692227724,3.004129264,18.21890132
1.745492198,3.060634515,18.04393996
1.801521106,3.123229188,17.86374772
1.857896593,3.18933852,17.68681833
1.914751519,3.259024989,17.51317958
1.972216516,3.332354593,17.34286407
2.033275278,3.413245301,17.16786542
2.095289789,3.498305966,16.9966131
2.158401855,3.587628011,16.82916402
2.2227519,3.681307594,16.6655822
2.291776636,3.784431023,16.49812564
2.362475371,3.892590856,16.33510063
2.435004419,4.005917526,16.17661003
2.509519846,4.124547157,16.02276761
2.590101109,4.255023561,15.86631259
2.673223768,4.391680811,15.71528471
2.759066247,4.534698269,15.5698607
2.847808075,4.684261039,15.43023455
2.944426058,4.848763109,15.28993046
3.044656057,5.020939809,15.1565394
3.148708046,5.201025327,15.03035827
3.256794378,5.389257173,14.91171178
3.375234689,5.596586315,14.79528405
3.498637706,5.813503164,14.68805984
3.627255226,6.04028906,14.59053418
3.761341747,6.277219952,14.50324698
3.909598981,6.539510823,14.4226195
4.064580082,6.8137898,14.35489546
4.226586999,7.100340427,14.30090482
4.395921358,7.399416254,14.26154988
4.586673936,7.735499931,14.23666962
4.786620667,8.086557737,14.23119473
4.996111936,8.452722345,14.24656205
5.215483982,8.834027821,14.28432388
5.475934827,9.283488959,14.3561354
5.749845526,9.751900486,14.4613478
6.037564946,10.23864798,14.60275715
6.33936776,10.74278017,14.78333832
6.643064483,11.24276509,14.99687275
6.960018676,11.75603513,15.25246921
7.290163762,12.28055291,15.55312505
7.63328851,12.81377101,15.90186896
7.965843218,13.31795004,16.2744935
8.308977494,13.82400743,16.6943057
8.662048265,14.32837842,17.16355953
9.024216804,14.8269514,17.68428103
9.390774416,15.31034627,18.25232358
9.763971551,15.77835312,18.87383969
10.14229916,16.22530588,19.54957865
10.52398235,16.6450275,20.2796446
10.87801108,17.00302437,21.0022895
11.23130859,17.32647428,21.76966283
11.58181055,17.60960432,22.57982865
11.92724807,17.84654952,23.43003307
12.22793386,18.01357203,24.21614529
12.5208021,18.13542121,25.02784962
12.80388293,18.20824849,25.86137095
13.07512889,18.22849909,26.71234491
13.29343327,18.20226754,27.44100654
13.50047557,18.13456908,28.17528726
13.69494241,18.02403993,28.91163154
13.87553196,17.86965749,29.64626819
14.02875136,17.68771829,30.31922247
14.16806838,17.46766456,30.98410087
14.29253341,17.20961113,31.63760315
14.40125046,16.91400653,32.27640998
14.49141646,16.58984337,32.88287836
14.56504118,16.23167597,33.46911156
14.62147965,15.84087167,34.03215605
14.6601745,15.41909889,34.56919906
14.68047186,14.97588137,35.06954714
14.68278797,14.50672415,35.53981691
14.66686563,14.01397915,35.97789345
14.63255291,13.50019302,36.38192229
14.58602745,13.0231326,36.71440385
14.52467026,12.53337355,37.01719098
14.44858951,12.03304703,37.28952943
14.35796326,11.52432164,37.53087245
14.26025032,11.04283892,37.72824722
14.15028146,10.55772758,37.89808307
14.02835906,10.07076298,38.04041151
13.89483128,9.583682585,38.15541469
13.754997,9.114015808,38.24096326
13.60506281,8.647306521,38.30166352
13.44545223,8.184968314,38.33803768
13.27661716,7.72833806,38.35070977
13.10110169,7.283740308,38.34064152
12.91752364,6.847083958,38.30888148
12.72638584,6.419411316,38.25626766
12.52820498,6.001669389,38.1836959
12.32245134,5.592665726,38.09159908
12.11066446,5.195323528,37.9812966
11.89339571,4.810311967,37.8538143
11.67119739,4.438200347,37.71019648
11.44024169,4.072721635,37.54831938
11.20532083,3.721533135,37.37190059
10.96700834,3.384939485,37.18205098
10.72586685,3.063151539,36.97986561
10.47473963,2.746857402,36.75951667
10.22177786,2.446489561,36.52833384
9.967551407,2.162006972,36.2874259
9.712608341,1.89328946,36.03785754
9.446916299,1.629996369,35.76984924
9.181584268,1.383298731,35.49464422
8.917149008,1.152841433,35.21327081
8.654115889,0.93821202,34.92669232
8.381474594,0.730492248,34.62287325
8.111381565,0.538948907,34.31530419
7.844301395,0.362970913,34.0048549
7.580660371,0.201917154,33.69231941
7.311786243,0.050211861,33.36736476
7.047402776,-0.086968876,33.04166574
6.787858162,-0.210386425,32.71586656
6.533460611,-0.320804024,32.39053882
6.238248063,-0.436152203,32.00528965
5.95106388,-0.535479075,31.6221394
5.67222318,-0.620011202,31.24170375
5.401976708,-0.690937306,30.86449494
5.112479632,-0.755085212,30.45034215
4.833965328,-0.805391996,30.04112111
4.566535501,-0.843267106,29.63717907
4.310223572,-0.870035032,29.2387708
4.06077049,-0.887150892,28.83919005
3.822707172,-0.895256697,28.44562928
3.595892477,-0.895470993,28.05814447
3.380141002,-0.888821797,27.6767439
3.164528721,-0.875423153,27.28141563
2.960645543,-0.856443727,26.89273098
2.768158238,-0.832784179,26.51058954
2.586706798,-0.805252514,26.13487003
2.431171774,-0.777502107,25.79912936
2.284126006,-0.747633927,25.46846124
2.145266746,-0.716079011,25.14275284
2.014285605,-0.683220662,24.82188941
1.903046735,-0.652861025,24.53759276
1.797692554,-0.621940258,24.25703266
1.697998627,-0.590652158,23.98012794
1.603741597,-0.559167629,23.70679922
1.518593256,-0.529052315,23.44902246
1.438013491,-0.499008434,23.19437181
1.361816671,-0.469135728,22.94278428
1.289820251,-0.439520146,22.69419911
1.223245642,-0.410851596,22.45373395
1.160361387,-0.382557924,22.21603652
1.101008982,-0.354688204,21.98105623
1.045033797,-0.32728253,21.74874448
0.99270296,-0.300590034,21.52091674
0.943405581,-0.274409918,21.29562481
0.897004996,-0.248760471,21.07282687
0.853368706,-0.223653981,20.85248279
0.813507941,-0.199793211,20.64076479
0.776022413,-0.176453769,20.43129185
0.740803924,-0.153634476,20.22403138
0.707748021,-0.131330568,20.01895198
0.676719864,-0.109509384,19.81579178
0.647662626,-0.088186592,19.61475813
0.62048419,-0.067349577,19.41582283
0.595096032,-0.04698338,19.21895857
0.571049237,-0.026757146,19.0210494
0.548678705,-0.006980256,18.82522389
0.527904103,0.012367925,18.63145612
0.508648605,0.031309591,18.43972094
0.490476198,0.050258172,18.24598808
0.473738544,0.068832839,18.05432433
0.458366057,0.087060122,17.86470512
0.444292548,0.104967551,17.67710653
0.431133192,0.123044074,17.48663953
0.419213049,0.140844112,17.29825201
0.408472497,0.158398878,17.11192003
0.398855197,0.175740218,16.92762018
0.39005736,0.193435149,16.73965354
0.382344356,0.210972519,16.5537995
0.375666039,0.228387777,16.3700341
0.369975447,0.24571679,16.1883339
0.365073336,0.263624654,16.0021689
0.361141124,0.281518426,15.81817267
0.358137957,0.299438116,15.63632073
0.356026097,0.317424102,15.45658911
0.354736562,0.336281496,15.27152264
0.354342788,0.355300485,15.08870728
0.354813427,0.374526929,14.90811759
0.356120233,0.394007195,14.72972871
0.358362152,0.414763404,14.54495838
0.361472002,0.435904026,14.36255507
0.365428759,0.45748349,14.18249203
0.370214602,0.479557124,14.00474317
0.37611088,0.503307188,13.82072511
0.382891512,0.527728069,13.63919761
0.390547871,0.552886288,13.46013298
0.399074731,0.578849981,13.28350443
0.408962159,0.607052529,13.10065356
0.419810047,0.636301834,12.92043061
0.431625071,0.66668246,12.74280793
0.44441771,0.698281808,12.56775913
0.45897829,0.733013083,12.38598116
0.474663443,0.769307948,12.20700804
0.491499867,0.807279723,12.03081388
0.509518872,0.847046609,11.85737477
0.52987221,0.891128652,11.67717704
0.551633309,0.937501302,11.50000461
0.574856681,0.986323322,11.32583754
0.599602919,1.0377617,11.15465924
0.627580175,1.09535691,10.97640404
0.657432326,1.156311113,10.80148366
0.689255243,1.220857372,10.62989298
0.723153582,1.289242622,10.461633
0.762363518,1.367987562,10.28306424
0.804300733,1.451900795,10.10843526
0.849135332,1.541359061,9.937777526
0.897052175,1.636764397,9.771135645
0.942856906,1.727827905,9.625008928
0.991460865,1.824358206,9.482219458
1.043029677,1.92670478,9.342833474
1.097740815,2.035238219,9.206930777
1.151929875,2.142708497,9.083043185
1.209198177,2.256274833,8.962376207
1.269720274,2.376295748,8.845035046
1.333681812,2.503149556,8.731140975
1.40000505,2.63470657,8.622823746
1.47002841,2.773628994,8.518110881
1.543959705,2.920334558,8.417172688
1.622019161,3.075262462,8.320202298
1.703926762,3.237855978,8.22796614
1.790382542,3.409502557,8.140105362
1.881639974,3.59069922,8.056891863
1.977966813,3.781965869,7.978631423
2.079899012,3.984349528,7.905495585
2.187506107,4.197967144,7.838066249
2.301101051,4.423410559,7.776776888
2.421013104,4.661293661,7.722112677
2.549177731,4.915403176,7.674080329
2.684542113,5.18358778,7.634014941
2.827496898,5.466542859,7.60261676
2.978450591,5.764978525,7.580667096
3.14237712,6.088588195,7.568867279
3.31568067,6.430102783,7.569012648
3.498856689,6.790308479,7.58227447
3.692417639,7.169980823,7.609956296
3.909570669,7.594631549,7.656666924
4.139632363,8.042877124,7.723123196
4.383253812,8.515503022,7.8114571
4.641092544,9.013199253,7.924035085
4.9209402,9.550181403,8.067388783
5.217127918,10.11456926,8.242089934
5.530327464,10.706552,8.451561322
5.861173146,11.32602006,8.699549697
6.174720241,11.90706922,8.959215465
6.503430083,12.50941159,9.256630726
6.847608455,13.13204342,9.595210121
7.20747797,13.77354937,9.9785618
7.551818203,14.37757338,10.37319782
7.909502477,14.99408741,10.81180747
8.280429644,15.62078957,11.2974852
8.664374829,16.25489082,11.83334602
9.041455652,16.8620909,12.39263811
9.429551267,17.4696516,13.0027785
9.828059812,18.07370458,13.66621459
10.23620938,18.66984195,14.38517872
10.65489559,19.25563189,15.16517036
11.08117152,19.82279976,16.00476927
11.51362994,20.36513985,16.90504663
11.95062045,20.87589714,17.86644659
12.39970839,21.35746699,18.91134518
12.84921462,21.79019383,20.01852542
13.29651248,22.1654486,21.18563068
13.73868248,22.47439322,22.4090755
14.12110267,22.68435574,23.52874751
14.49468412,22.82997228,24.68401738
14.85689863,22.90548103,25.86969949
15.2050975,22.90551973,27.07971464
15.48486164,22.84360079,28.11033263
15.75108621,22.72240197,29.1485969
16.0020627,22.53983823,30.18949876
16.23608596,22.29431852,31.22769455
16.43196384,22.01676761,32.16079103
16.6113044,21.68635245,33.0826544
16.77290531,21.30315751,33.98881322
16.91562081,20.86772851,34.87475635
17.0329566,20.40554111,35.6953354
17.13131046,19.89821278,36.48962
17.20988267,19.34742923,37.25385823
17.267963,18.7552614,37.98446162
17.30454394,18.13372598,38.66809057
17.32013162,17.47707882,39.31272863
17.31433228,16.78830108,39.91562325
17.28686486,16.07063765,40.47434169
17.24368557,15.40564096,40.93588828
17.18291425,14.72288839,41.35897289
17.10458403,14.02512129,41.74257577
17.0088054,13.31514377,42.08593844
16.90431628,12.64689805,42.3685162
16.78512552,11.97287625,42.61570588
16.65149424,11.29536676,42.82749908
16.50373553,10.61662301,43.00407849
16.34922891,9.967114224,43.14058227
16.1824447,9.320394573,43.24556036
16.00378036,8.678284161,43.31962165
15.81366699,8.042519288,43.36350508
15.61748551,7.429608014,43.37805806
15.41129353,6.825759835,43.36557458
15.1955708,6.232320435,43.32703895
14.9708159,5.65053021,43.26351162
14.74053254,5.088604175,43.17736519
14.50245726,4.540131934,43.06909174
14.25711041,4.005996587,42.93986816
14.00501881,3.486973267,42.79090144
13.74866554,2.987430084,42.62473872
13.48671562,2.503987728,42.44155384
13.21969121,2.037102226,42.24256175
12.94811093,1.587132954,42.02897116
12.67602983,1.15976047,41.8049564
12.40049872,0.749308,41.56901505
12.12199768,0.355870777,41.32225532
11.84099626,-0.020530594,41.0657554
11.57202336,-0.362530209,40.81389479
11.30158971,-0.689282054,40.55504702
11.03006727,-1.00092965,40.2900449
10.75781567,-1.297660673,40.01968584
10.45783567,-1.60718525,39.71693487
10.157837,-1.899284524,39.40958062
9.858243411,-2.17435802,39.09852741
9.559457582,-2.432845363,38.78462199
9.161101837,-2.753979934,38.3609811
8.765736235,-3.047425474,37.93536911
8.374149528,-3.314468952,37.50934638
7.987060955,-3.556446319,37.08429967
7.473492379,-3.845404086,36.51497681
6.970677548,-4.094701273,35.95215828
6.479812743,-4.307707845,35.39791843
6.00189577,-4.487729064,34.85390574
5.496492606,-4.650197377,34.27385491
5.008249182,-4.781245186,33.70862644
4.537757189,-4.884622383,33.1590167
4.085410232,-4.963835321,32.62548979
3.725686506,-5.013354213,32.19714618
3.378513413,-5.050318114,31.77987234
3.043859758,-5.076307874,31.37357003
2.721636213,-5.0927877,30.97807313
2.420377791,-5.100971896,30.60399989
2.130541069,-5.102595015,30.23966881
1.851918687,-5.098705282,29.88481158
1.584272908,-5.090263607,29.53914056
1.319585305,-5.077723906,29.19210938
1.06596424,-5.062152943,28.85418009
0.82307529,-5.044345259,28.5250142
0.590567099,-5.025019878,28.20427579
0.3366587,-5.001862607,27.84700697
0.095312553,-4.97843011,27.49987077
-0.134044655,-4.955492416,27.16240925
-0.351994369,-4.933728456,26.83418766
-0.542036667,-4.915338735,26.54143363
-0.723454088,-4.898833709,26.25578834
-0.896690215,-4.884569988,25.97697832
-1.062185328,-4.872861674,25.70474936
-1.197821927,-4.865088235,25.4771222
-1.328387908,-4.859534816,25.25399594
-1.454145181,-4.856337434,25.03524583
-1.575351491,-4.855616933,24.82075672
-1.696408523,-4.857597036,24.60289642
-1.813125202,-4.862456251,24.38939106
-1.925769263,-4.870287613,24.18014428
-2.034602516,-4.881172525,23.97506933
-2.143461212,-4.895723036,23.76720952
-2.248787529,-4.913686647,23.56365784
-2.350847165,-4.935123401,23.36434935
-2.449898673,-4.960084962,23.16922834
-2.549544568,-4.989688336,22.9715822
-2.646502701,-5.023160147,22.7783335
-2.741032114,-5.060537509,22.58945055
-2.833383949,-5.101851895,22.40491064
-2.927152229,-5.14890281,22.21803569
-3.019097312,-5.200246415,22.03581543
-3.10946941,-5.255905717,21.85825432
-3.198510437,-5.315900172,21.68536591
-3.289982519,-5.38293468,21.51048447
-3.380516335,-5.45469699,21.34072145
-3.470352662,-5.531202715,21.17612334
-3.559723826,-5.612465194,21.01674636
-3.652761149,-5.702379752,20.85601884
-3.745776164,-5.79750361,20.70114038
-3.839000587,-5.897848378,20.55221016
-3.932657602,-6.003423427,20.40933873
-4.031510708,-6.119690956,20.26624049
-4.131307074,-6.241719784,20.13008698
-4.232269892,-6.369514872,20.00104811
-4.334613519,-6.503076917,19.87930793
-4.444104408,-6.649954871,19.75921768
-4.555578224,-6.803216064,19.64769249
-4.669248738,-6.962844209,19.54500179
-4.785319778,-7.12881294,19.45143325
-4.911123909,-7.311523752,19.36259527
-5.04005113,-7.501252911,19.28472944
-5.172299842,-7.697923272,19.21824859
-5.308055324,-7.90143444,19.16358858
-5.457149636,-8.1262612,19.11877389
-5.610625223,-8.358565618,19.08856524
-5.768645228,-8.5981154,19.07358133
-5.931351553,-8.844627085,19.07446636
-6.112738489,-9.11868754,19.09406003
-6.299855422,-9.399988402,19.13387757
-6.492772684,-9.687922099,19.19481774
-6.691519351,-9.981771787,19.2777928
-6.916990836,-10.31104361,19.39569311
-7.149402913,-10.64518192,19.54263259
-7.388569121,-10.9826831,19.71980374
-7.634212588,-11.3218178,19.92833997
-7.913651359,-11.69731649,20.19746057
-8.199907418,-12.06936132,20.50770843
-8.492113247,-12.43451491,20.86009393
-8.789206428,-12.78895027,21.25529409
-9.086355035,-13.12456099,21.68817878
-9.385584876,-13.44115839,22.1629827
-9.685220671,-13.73402303,22.67893751
-9.983369462,-13.99821224,23.2346233
-10.23093719,-14.1940874,23.73018785
-10.47459182,-14.36307249,24.25056758
-10.71285691,-14.50213432,24.79363767
-10.94417232,-14.60833969,25.35683859
-11.13689239,-14.67141467,25.85660861
-11.32211984,-14.70627941,26.36692893
-11.49873377,-14.7114386,26.88535977
-11.66560478,-14.68560288,27.40924378
-11.80889343,-14.63384888,27.89129785
-11.94219173,-14.55459047,28.37317678
-12.06465057,-14.44742405,28.85243713
-12.17545242,-14.31217799,29.32656275
-12.27049838,-14.15527941,29.77635279
-12.35331744,-13.97263551,30.21663632
-12.42329606,-13.76476176,30.645089
-12.47988222,-13.53240229,31.05943137
-12.52287601,-13.27435847,31.46059815
-12.55133178,-12.99364429,31.84297479
-12.56490325,-12.69169943,32.20450466
-12.56333544,-12.37016115,32.54329529
-12.54776578,-12.04956563,32.84133085
-12.5184357,-11.71474513,33.11617321
-12.47536333,-11.36748142,33.36670478
-12.41864758,-11.00963598,33.59200212
-12.35476423,-10.67367334,33.77587698
-12.27974117,-10.33195046,33.93747538
-12.19382717,-9.985995931,34.07652161
-12.09732243,-9.637329366,34.19288491
-11.99542253,-9.302661954,34.28297294
-11.88449859,-8.968179415,34.35243463
-11.76493207,-8.635128879,34.40149683
-11.6371361,-8.30470465,34.43048839
-11.50350233,-7.98258456,34.43983615
-11.36274917,-7.665155472,34.43057072
-11.21534697,-7.353377768,34.40324994
-11.06178223,-7.048135818,34.3584959
-10.90129798,-6.747953968,34.29644669
-10.73558893,-6.455977535,34.21812585
-10.56518575,-6.172869164,34.12431287
-10.39062127,-5.899205288,34.0158166
-10.20765149,-5.628612882,33.89003852
-10.02143436,-5.368936189,33.75057873
-9.832537288,-5.120531516,33.59835547
-9.641516409,-4.883668791,33.434284
-9.440387813,-4.648872918,33.25131063
-9.238139104,-4.426991274,33.05742482
-9.035350453,-4.218068754,32.85361412
-8.832577262,-4.022072668,32.6408336
-8.618185897,-3.828261645,32.40645135
-8.405007037,-3.648665457,32.16406603
-8.193603123,-3.483018595,31.91466942
-7.984498341,-3.330995914,31.65919499
-7.763356213,-3.182672083,31.37945785
-7.545967748,-3.049065671,31.09473971
-7.332832893,-2.929620412,30.80596653
-7.12440114,-2.823748208,30.51398686
-6.905819985,-2.72427933,30.19709223
-6.693584458,-2.639039953,29.87825231
-6.488071084,-2.567248978,29.55825183
-6.289598569,-2.508129383,29.23779089
-6.084495055,-2.457854161,28.89366407
-5.888082589,-2.420398569,28.5503997
-5.700559761,-2.394875047,28.20859316
-5.522068312,-2.380436983,27.86876231
-5.337021077,-2.37639518,27.49931515
-5.162966104,-2.38370887,27.1332791
-4.999898365,-2.401469415,26.77108804
-4.847762234,-2.428844968,26.41311166
-4.687626989,-2.470791347,26.01080948
-4.541341569,-2.523247111,25.61477515
-4.408655266,-2.585342773,25.22534437
-4.289278679,-2.656330398,24.84280505
-4.175756248,-2.741561765,24.4407808
-4.076741303,-2.83564307,24.04722787
-3.9918148,-2.93806504,23.6623977
-3.92055079,-3.048443961,23.2865286
-3.870816514,-3.147385232,22.9770727
-3.830234963,-3.251674423,22.67427605
-3.798575655,-3.36125352,22.37828216
-3.775617417,-3.47610962,22.0892413
-3.761652493,-3.590408325,21.82061859
-3.755224201,-3.709570893,21.55858922
-3.756181696,-3.833677735,21.30330971
-3.764386349,-3.962834981,21.05494896
-3.77947208,-4.095413358,20.81674157
-3.801396194,-4.23318084,20.58564314
-3.830070008,-4.376295415,20.36185942
-3.865417839,-4.524930391,20.14561376
-3.90867199,-4.683761931,19.93131628
-3.958872883,-4.848843251,19.72553451
-4.01598682,-5.020395307,19.5285793
-4.079993899,-5.198646027,19.34078843
-4.155126546,-5.394569433,19.15268695
-4.237965325,-5.598508025,18.97569964
-4.328538112,-5.810730911,18.81033759
-4.426886315,-6.031499694,18.65715593
-4.542624177,-6.281352917,18.50522649
-4.667694317,-6.541885454,18.36922447
-4.802195645,-6.81335443,18.25006102
-4.94623532,-7.095971027,18.14872347
-5.118415187,-7.424779393,18.05797386
-5.30278016,-7.767784537,17.99236784
-5.499478086,-8.124955752,17.95363992
-5.708637201,-8.496094375,17.94365181
-5.955236899,-8.923454439,17.9685838
-6.217352111,-9.366638942,18.03418413
-6.494951854,-9.824337192,18.14348625
-6.787880286,-10.29473686,18.29963222
-7.069001386,-10.7341548,18.48622387
-7.362320098,-11.17994294,18.71718945
-7.667288639,-11.62929013,18.9949249
-7.983168397,-12.07883195,19.32167809
-8.290544346,-12.49987241,19.67698259
-8.605795676,-12.91373274,20.07927041
-8.927690637,-13.3160651,20.52961958
-9.254759728,-13.70203249,21.02863672
-9.553467883,-14.03246089,21.52172044
-9.853533024,-14.34092104,22.0542124
-10.15329772,-14.62293576,22.62512315
-10.450922,-14.87386398,23.23285485
-10.70870834,-15.06467088,23.79466504
-10.96180135,-15.22463778,24.38111426
-11.20861718,-15.35060304,24.98975496
-11.44749291,-15.4395429,25.61767888
-11.64682354,-15.48447851,26.17508122
-11.83770541,-15.49774411,26.74195497
-12.01894707,-15.47785225,27.31556365
-12.18935423,-15.4235574,27.8929486
-12.33476378,-15.3428979,28.42184973
-12.46919649,-15.23208318,28.94868959
-12.59177142,-15.0908293,29.4708085
-12.70164558,-14.91911036,29.98548584
-12.79502739,-14.7243864,30.47331621
-12.87510969,-14.50188565,30.94909104
-12.94126931,-14.25232357,31.41032971
-12.99295176,-13.97666256,31.85461878
-13.02995042,-13.67312121,32.28358579
-13.05128009,-13.34569843,32.69061274
-13.05661239,-12.99610522,33.07357692
-13.04571772,-12.62625595,33.43055111
-13.02115286,-12.26880705,33.735413
-12.98262936,-11.89767886,34.01548691
-12.93019642,-11.51473661,34.2697724
-12.86398027,-11.12191122,34.49746538
-12.79077978,-10.75216593,34.68354829
-12.70621531,-10.37727373,34.84610866
-12.61055301,-9.998817472,34.98495934
-12.50410842,-9.618362382,35.10005833
-12.39198711,-9.252277671,35.18838131
-12.27060386,-8.887104898,35.25505709
-12.14035395,-8.52412852,35.30039224
-12.0016632,-8.164573385,35.32479463
-11.8567971,-7.813842433,35.32883796
-11.70459917,-7.468639611,35.31350362
-11.54555156,-7.129942674,35.27942441
-11.38015169,-6.798647792,35.22729517
-11.20745016,-6.472894806,35.15721232
-11.02934456,-6.156246838,35.07035208
-10.84637534,-5.849364777,34.96756154
-10.65908443,-5.552819022,34.84971369
-10.46293072,-5.259709889,34.71403804
-10.26337922,-4.978426067,34.56441729
-10.06100499,-4.709305445,34.40182645
-9.856371355,-4.45259664,34.22723325
-9.64104256,-4.198153766,34.03330067
-9.424461846,-3.957497921,33.82840462
-9.207215195,-3.730641845,33.61357554
-8.989863685,-3.517519124,33.38980668
-8.760090381,-3.306568927,33.1440623
-8.531404638,-3.110631706,32.89043385
-8.304373928,-2.929398415,32.62993985
-8.079527632,-2.762499868,32.36353587
-7.841595476,-2.599102019,32.07254866
-7.6072909,-2.451104901,31.77681727
-7.37711943,-2.317898386,31.47727614
-7.15153644,-2.198840708,31.1747779
-6.914911113,-2.086005298,30.84759157
-6.684484299,-1.987872235,30.51874861
-6.46063784,-1.903599955,30.18901863
-6.243696163,-1.832351432,29.85908321
-6.020343923,-1.769812561,29.50782177
-5.805403912,-1.720159518,29.15763907
-5.59907743,-1.682453295,28.80908378
-5.401510074,-1.655794879,28.46262643
-5.198575962,-1.638456319,28.09218924
-5.005969599,-1.631941981,27.72506882
-4.823692682,-1.635315157,27.36161674
-4.651698581,-1.647709227,27.00212315
-4.470864149,-1.671367887,26.60380972
-4.302674213,-1.704363084,26.21104076
-4.146902189,-1.745784859,25.82402987
-4.003282833,-1.794828729,25.44294477
-3.856849326,-1.857769266,25.02440003
-3.724765586,-1.928509253,24.61354895
-3.606569807,-2.006346253,24.21050169
-3.501784641,-2.090708648,23.81534684
-3.426137841,-2.163796359,23.49992967
-3.358783504,-2.24070919,23.18981341
-3.29947273,-2.321301326,22.88503317
-3.247961645,-2.405468896,22.58562494
-3.20557023,-2.489703816,22.3028557
-3.169972404,-2.577155474,22.02512394
-3.14097946,-2.66782284,21.75247055
-3.118411784,-2.761731293,21.4849415
-3.102152609,-2.858542028,21.22360947
-3.091948458,-2.958687012,20.96746972
-3.087658809,-3.062255052,20.71658675
-3.089154321,-3.169353997,20.47103311
-3.09629116,-3.279804018,20.23153305
-3.108964993,-3.394028516,19.99750348
-3.127087646,-3.512179614,19.76904422
-3.150582757,-3.634423068,19.54626614
-3.180325586,-3.764773006,19.32291879
-3.215645223,-3.899856611,19.1058735
-3.256502377,-4.039889746,18.89529353
-3.302870776,-4.185098758,18.69135894
-3.357827621,-4.344382096,18.4833572
-3.41892478,-4.509989865,18.28324839
-3.486181596,-4.682214741,18.09131497
-3.559632231,-4.861355961,17.90786754
-3.646526679,-5.064213646,17.71854434
-3.740877949,-5.275988421,17.54012262
-3.842788862,-5.497070052,17.37313151
-3.952379076,-5.727843942,17.21815294
-4.085832225,-6.0011653,17.05806402
-4.229515968,-6.287906057,16.91519363
-4.383669635,-6.588551254,16.79066784
-4.548547756,-6.903536627,16.68572702
-4.761909105,-7.302774178,16.58720863
-4.991715208,-7.723889032,16.52175644
-5.238428059,-8.167136155,16.49228943
-5.502481759,-8.632471103,16.50201594
-5.774032748,-9.101983839,16.55181852
-6.062359918,-9.590952388,16.64476812
-6.367625903,-10.09812967,16.78449229
-6.689858243,-10.62169345,16.97480352
-6.98575061,-11.09153344,17.18603065
-7.294314734,-11.56992596,17.44178176
-7.615161803,-12.0542149,17.74474489
-7.947722488,-12.54118282,18.09751811
-8.269848215,-12.99731849,18.47614913
-8.600788903,-13.44877955,18.90267212
-8.939500997,-13.89135318,19.37860567
-9.284712603,-14.32029991,19.90506941
-9.624693375,-14.7187812,20.46522613
-9.967742481,-15.09415599,21.07369245
-10.31197371,-15.44074851,21.72982732
-10.65524973,-15.75257511,22.43221804
-10.94545097,-15.98635286,23.06609749
-11.23158192,-16.18635151,23.73003744
-11.51187806,-16.34865062,24.42152097
-11.78446511,-16.46943765,25.13746184
-12.01306152,-16.53773586,25.77524645
-12.23302114,-16.56984237,26.42590495
-12.44295906,-16.56375745,27.08635106
-12.64147375,-16.51775082,27.75319966
-12.80888213,-16.44120505,28.35461824
-12.96490696,-16.33049684,28.95539369
-13.10854187,-16.18510419,29.55255146
-13.23881325,-16.00479484,30.14302118
-13.34992438,-15.79998066,30.69798637
-13.44720243,-15.56369395,31.24118338
-13.52992307,-15.29654864,31.76983975
-13.59742822,-14.99943768,32.28123348
-13.64914604,-14.67339413,32.77290259
-13.68452963,-14.31998197,33.24207698
-13.70315266,-13.94090486,33.68635269
-13.70468665,-13.53810339,34.10351586
-13.6904466,-13.14175502,34.46740806
-13.66094156,-12.72847215,34.80434418
-13.6161456,-12.30030389,35.11305812
-13.55611724,-11.85939431,35.39250126
-13.48781374,-11.44584739,35.622275
-13.40699294,-11.02521714,35.82626433
-13.31388139,-10.59927078,36.00415451
-13.2087607,-10.16976961,36.15579481
-13.09757659,-9.758271607,36.2760106
-12.97609923,-9.346620513,36.37247232
-12.84470093,-8.936263039,36.44543557
-12.70378912,-8.5285897,36.49527195
-12.5566403,-8.132306227,36.52216343
-12.40119479,-7.741085034,36.52777975
-12.23792108,-7.356043673,36.51274755
-12.06730702,-6.978217182,36.47776706
-11.88953248,-6.60789898,36.4234905
-11.70542215,-6.246647416,36.35078856
-11.51550857,-5.895241422,36.2605288
-11.32032979,-5.554366089,36.15361354
-11.11658851,-5.218461814,36.02849779
-10.90851865,-4.894639759,35.88805715
-10.69669143,-4.583336712,35.73330094
-10.48167066,-4.284895413,35.56523804
-10.25634318,-3.989810219,35.37834042
-10.02879323,-3.708960426,35.1793581
-9.799607305,-3.44244302,34.96936082
-9.569351947,-3.190269889,34.74938652
-9.326941178,-2.940762926,34.50868298
-9.08455918,-2.706845957,34.25919186
-8.842781775,-2.488283903,34.00197166
-8.60215248,-2.284773874,33.73802235
-8.348081428,-2.084453116,33.45098876
-8.096460438,-1.900244784,33.15846319
-7.847819677,-1.731600375,32.86142231
-7.602645332,-1.577929198,32.56076389
-7.34502209,-1.42957874,32.23645798
-7.092347232,-1.29681451,31.90986536
-6.845053077,-1.178828384,31.58180174
-6.603519409,-1.074803202,31.2529944
-6.355074565,-0.979200749,30.90567429
-6.113747617,-0.897296839,30.55890546
-5.879810862,-0.828155575,30.21326636
-5.653483804,-0.77086591,29.86925489
-5.426955536,-0.723022401,29.51461477
-5.208930435,-0.686036499,29.16257803
-4.999496478,-0.659010326,28.81347761
-4.79869778,-0.641093717,28.46758718
-4.582009451,-0.630802323,28.08053996
-4.376316852,-0.630060168,27.69812709
-4.181518985,-0.637871013,27.32053828
-3.997470822,-0.653321292,26.94791124
-3.807210429,-0.678149547,26.5438577
-3.629443034,-0.710219718,26.1459926
-3.463844277,-0.748643032,25.75435216
-3.310059725,-0.792635186,25.36894122
-3.183920978,-0.835512161,25.03415095
-3.066410975,-0.881777372,24.7041653
-2.957256479,-0.931071296,24.37895187
-2.856180025,-0.983083402,24.05847298
-2.77420677,-1.030577409,23.78211919
-2.698011243,-1.079795906,23.50932405
-2.627411323,-1.130610665,23.24005857
-2.562227042,-1.182915126,22.974294
-2.503012078,-1.235931395,22.71531739
-2.448738913,-1.290249935,22.45969964
-2.399247512,-1.345821064,22.20741606
-2.354382281,-1.402610634,21.95844356
-2.31343189,-1.461460221,21.70917427
-2.276940447,-1.521536713,21.46327179
-2.244764939,-1.582845359,21.22071806
-2.21676843,-1.645403744,20.98149738
-2.192212906,-1.71103052,20.73909919
-2.171802195,-1.77804998,20.50019601
-2.155412386,-1.846514613,20.26477931
-2.142927008,-1.916487268,20.03284369
-2.134049296,-1.990053781,19.79808275
-2.129074885,-2.065376937,19.56699825
-2.127905872,-2.142552768,19.33959546
-2.130452801,-2.221686252,19.11588382
-2.136766507,-2.304239665,18.89230143
-2.146762706,-2.389058113,18.67256542
-2.160377475,-2.476275021,18.45669999
-2.177555709,-2.566031573,18.24473485
-2.199181486,-2.662354262,18.02819854
-2.224582022,-2.761765743,17.8159763
-2.253728204,-2.864447868,17.60812253
-2.286600841,-2.970590387,17.40469985
-2.325639517,-3.087489137,17.19330489
-2.368886482,-3.208769178,16.98709899
-2.416357827,-3.334683973,16.78619225
-2.46808168,-3.465496053,16.59070882
-2.529573841,-3.614503513,16.38326762
-2.596273465,-3.770058655,16.18268462
-2.668268495,-3.932537058,15.98918948
-2.745663101,-4.102325422,15.8030397
-2.841700036,-4.307557289,15.59802116
-2.945279712,-4.523643726,15.40363071
-3.056641035,-4.751218714,15.22042677
-3.176049062,-4.990927429,15.04903865
-3.335476982,-5.305502759,14.85427339
-3.508290205,-5.640926193,14.68022467
-3.695140207,-5.998425585,14.52864206
-3.896725933,-6.379191759,14.40152582
-4.117117317,-6.79053673,14.29987303
-4.354244877,-7.228100303,14.22844467
-4.608920043,-7.692797155,14.19029473
-4.881958394,-8.185316001,14.18885742
-5.156880757,-8.675455731,14.22455177
-5.449464209,-9.19074531,14.29983475
-5.760271404,-9.730823237,14.4186097
-6.089777716,-10.29484142,14.58511244
-6.391950219,-10.80394859,14.77233449
-6.708690839,-11.32878067,15.00232039
-7.040013688,-11.86749843,15.27838063
-7.38578918,-12.41771899,15.6039089
-7.714307975,-12.92829967,15.94772417
-8.054290521,-13.44324377,16.3383762
-8.405191504,-13.95924087,16.77836266
-8.766275964,-14.47241884,17.27000485
-9.126048779,-14.9642108,17.79926203
-9.493472558,-15.44446972,18.38088517
-9.867228742,-15.90797697,19.01601968
-10.24574784,-16.34898049,19.70526241
-10.61018165,-16.74356884,20.4143451
-10.97544835,-17.1060042,21.17210975
-11.33945975,-17.43011749,21.9770679
-11.69989182,-17.70954721,22.82686868
-12.01049206,-17.91239337,23.60510864
-12.31451852,-18.07167085,24.41237203
-12.60998207,-18.18318209,25.245171
-12.89479593,-18.24296465,26.09938518
-13.12710347,-18.25034361,26.83947191
-13.34873758,-18.21559423,27.58832678
-13.55829378,-18.13699212,28.34235335
-13.75436779,-18.01315079,29.09768903
-13.92008053,-17.86007369,29.78349959
-14.07239438,-17.66812662,30.46371746
-14.21029574,-17.43716328,31.13498437
-14.33281758,-17.1673748,31.79388909
-14.43583052,-16.86998797,32.41620582
-14.52281822,-16.53758801,33.02062133
-14.59307263,-16.17130059,33.60409341
-14.64596677,-15.77256221,34.16368969
-14.68076967,-15.34631581,34.69286407
-14.69747892,-14.89179479,35.1931556
-14.69574822,-14.41124445,35.66219617
-14.67533794,-13.9071373,36.09786764
-14.64067406,-13.43311386,36.46163667
-14.59059407,-12.94412381,36.79540229
-14.52515083,-12.44236209,37.09819599
-14.44447301,-11.93008388,37.36926853
-14.35611962,-11.44712991,37.59204788
-14.25503034,-10.95895825,37.78677165
-14.14147577,-10.46741838,37.95334344
-14.01577642,-9.974333171,38.09182824
-13.88373539,-9.500194151,38.19874816
-13.74116419,-9.027831276,38.2802015
-13.5884657,-8.558733988,38.33662854
-13.42607442,-8.094320855,38.36858096
-13.25712917,-7.642850101,38.37676535
-13.0797033,-7.198433032,38.36256172
-12.89428625,-6.762188821,38.32675678
-12.70138414,-6.335143749,38.27020364
-12.50112484,-5.917434475,38.19364809
-12.29441173,-5.510740631,38.09814405
-12.08178845,-5.115807314,37.98468947
-11.86380214,-4.733279669,37.8543083
-11.63732369,-4.357775286,37.70552766
-11.40644954,-3.996126282,37.54144545
-11.1717506,-3.648710315,37.36316366
-10.93378921,-3.31580925,37.17177494
-10.68610159,-2.988603725,36.96228821
-10.43613473,-2.677083019,36.74121532
-10.18446109,-2.381274309,36.50967241
-9.931633503,-2.101122067,36.26873672
-9.668176844,-1.826366066,36.00944821
-9.404622638,-1.568156721,35.74223922
-9.14151653,-1.326199581,35.4681603
-8.879374672,-1.100137954,35.18820056
-8.60719683,-0.88059774,34.89058797
-8.337119945,-0.677416763,34.58855564
-8.069626302,-0.49003004,34.28301101
-7.80516108,-0.317836737,33.97478709
-7.536489075,-0.155770497,33.65547346
-7.271865456,-0.008428314,33.33487721
-7.011656407,0.124912478,33.01367572
-6.756189332,0.244981762,32.69247442
-6.464108251,0.36943299,32.3179158
-6.179292641,0.477928158,31.94483318
-5.902078284,0.571605787,31.57386668
-5.632741076,0.651576823,31.2055573
-5.339315204,0.726527369,30.79478904
-5.056371384,0.786958184,30.38847039
-4.784064372,0.834271785,29.98701105
-4.522479519,0.869794042,29.59072295
-4.262773388,0.895492544,29.1858079
-4.014555577,0.911163941,28.78685228
-3.77772714,0.918008163,28.39395895
-3.552139186,0.917132465,28.00717405
-3.330892691,0.90920947,27.61437897
-3.121155841,0.895163439,27.2280424
-2.922639268,0.875919557,26.84808958
-2.735024164,0.852313093,26.47442089
-2.565061851,0.826277621,26.12194769
-2.404486274,0.797512202,25.77502481
-2.252968887,0.76654701,25.43352989
-2.110172082,0.733853787,25.0973364
-1.991069294,0.703885906,24.80481129
-1.878259453,0.673151007,24.51622988
-1.771505512,0.641876322,24.23150489
-1.670570701,0.61026291,23.95055059
-1.580187048,0.580189867,23.68803567
-1.494609316,0.550103409,23.42875443
-1.413644321,0.520119328,23.1726401
-1.337101669,0.490338151,22.91962812
-1.266551051,0.461578891,22.67586556
-1.199858555,0.433163456,22.43493767
-1.136859796,0.405150422,22.19679116
-1.077394142,0.377588542,21.96137483
-1.021881182,0.350801049,21.73108659
-0.969527935,0.324525361,21.50337745
-0.920192784,0.298785939,21.27820366
-0.873738228,0.273600703,21.05552327
-0.831066867,0.249576001,20.84064478
-0.790892272,0.226097101,20.62806524
-0.753100226,0.203166768,20.4177502
-0.717580346,0.180783779,20.20966647
-0.684454517,0.159095671,20.00522809
-0.653364917,0.137935337,19.80292813
-0.624216193,0.11729301,19.60273755
-0.596916585,0.097156389,19.40462835
-0.571014588,0.077225109,19.20569983
-0.546838876,0.057783041,19.00885929
-0.524306067,0.038811916,18.81408026
-0.503336294,0.020291789,18.62133707
-0.483480578,0.001845833,18.42683251
-0.465095287,-0.016176503,18.23439407
-0.448107934,-0.033799554,18.04399685
-0.432449431,-0.051048721,17.85561662
-0.417709207,-0.068369521,17.66458425
-0.404230383,-0.085353357,17.47562168
-0.391950469,-0.10202916,17.28870477
-0.380810252,-0.118426502,17.10380994
-0.370469029,-0.135055357,16.91546854
-0.361221076,-0.151453148,16.72922311
-0.353013297,-0.167652664,16.54504958
-0.345795758,-0.183687074,16.36292442
-0.339319569,-0.200142248,16.17658089
-0.333806578,-0.216492797,15.99238137
-0.329212747,-0.23277534,15.81030134
-0.325497109,-0.249026759,15.63031678
-0.322523489,-0.265937627,15.44530116
-0.320420901,-0.282895885,15.26250127
-0.319154358,-0.29994275,15.08189164
-0.318691885,-0.317119749,14.90344733
-0.319037483,-0.335276275,14.71903621
-0.320202959,-0.35366822,14.53694125
-0.322162821,-0.372343272,14.3571356
-0.324894618,-0.391349686,14.17959296
-0.328578829,-0.411746824,13.99530981
-0.333077218,-0.432620786,13.81347142
-0.338375102,-0.454029003,13.63404932
-0.344460985,-0.476030015,13.45701575
-0.351677733,-0.499794284,13.27397222
-0.359746417,-0.5243447,13.09349343
-0.368665644,-0.549752309,12.91555012
-0.378437449,-0.576090191,12.74011397
-0.389657094,-0.604917469,12.55802668
-0.401839928,-0.634949627,12.37865944
-0.415001302,-0.666279623,12.20198301
-0.429160559,-0.699004017,12.02796958
-0.44522374,-0.73518926,11.84705516
-0.462459169,-0.773163827,11.66905257
-0.480904911,-0.81305571,11.49393498
-0.500604105,-0.854999102,11.3216779
-0.522804973,-0.901640924,11.14297734
-0.546518996,-0.950896953,10.96741508
-0.571816272,-1.002949953,10.79497227
-0.598773865,-1.057993082,10.62563409
-0.629183734,-1.119685359,10.4499116
-0.661653238,-1.185205277,10.27764333
-0.696300422,-1.254824192,10.10882969
-0.733253678,-1.328830803,9.943478732
-0.772929452,-1.408085581,9.780514545
-0.815236094,-1.49243191,9.62110287
-0.860338207,-1.582224784,9.465280967
-0.908413569,-1.677842591,9.313098371
-0.954448264,-1.769344613,9.179109566
-1.003202041,-1.866217972,9.048184278
-1.054833882,-1.968794325,8.920390754
-1.109513546,-2.07742491,8.795809981
-1.164573333,-2.186821535,8.680264829
-1.22272451,-2.302381827,8.567812701
-1.284141952,-2.424463143,8.458563252
-1.349011364,-2.553442378,8.352642262
-1.416662361,-2.687991906,8.251433017
-1.488071992,-2.830059973,8.153766726
-1.563451334,-2.980069826,8.059821501
-1.643023885,-3.138466294,7.969798884
-1.726758725,-3.305184741,7.884184537
-1.815140827,-3.481186305,7.802946233
-1.908429273,-3.66697812,7.726368948
-2.006897576,-3.863090406,7.654772851
-2.111306401,-4.071017841,7.588235022
-2.221536915,-4.290498983,7.527489125
-2.33791027,-4.522139705,7.472990768
-2.46076417,-4.766567901,7.425249675
-2.592334553,-5.028172996,7.384318328
-2.731318649,-5.304293071,7.351580093
-2.878118745,-5.595640557,7.327774133
-3.033155204,-5.902941659,7.313725059
-3.201993191,-6.237071473,7.310424052
-3.380537042,-6.5897346,7.319570611
-3.56929929,-6.961734172,7.342410471
-3.768809361,-7.353858629,7.380330075
-3.99400334,-7.795017489,7.439109843
-4.232708881,-8.260805491,7.518851501
-4.485606198,-8.752010114,7.621862645
-4.753379853,-9.26930659,7.750704984
-5.036339828,-9.81251941,7.90798437
-5.335484465,-10.38264555,8.096951633
-5.651449397,-10.97977553,8.321013486
-5.984829465,-11.60369477,8.583887292
-6.301012137,-12.18914452,8.857704222
-6.63215772,-12.79522286,9.16957285
-6.978539192,-13.42083592,9.522867407
-7.340344691,-14.0644771,9.921141479
-7.687546008,-14.67197945,10.33124812
-8.047907755,-15.2911942,10.785727
-8.421298644,-15.91972663,11.28762714
-8.807462332,-16.55469458,11.8400042
-9.187990918,-17.16425939,12.41770653
-9.579341227,-17.77313182,13.04681229
-9.980874289,-18.37732173,13.72970516
-10.39177893,-18.97229943,14.46853516
-10.81546454,-19.55893643,15.27375963
-11.24646169,-20.12512624,16.13950107
-11.68329077,-20.6644389,17.06669346
-12.12422314,-21.16989804,18.05560401
-12.57220103,-21.63891604,19.11775694
-13.01999799,-22.05741886,20.24106077
-13.46497639,-22.41686718,21.42292644
-13.90421642,-22.70855727,22.6595427
-14.28562954,-22.90316882,23.79565273
-14.65763893,-23.03185221,24.96618141
-15.01769854,-23.08893536,26.16573899
-15.36314875,-23.0691799,27.38804994
-15.63915572,-22.99007989,28.42384051
-15.90131098,-22.85140219,29.46590327
-16.14793149,-22.65120887,30.50920089
-16.377342,-22.38806203,31.54838117
-16.56922554,-22.09402712,32.48306184
-16.74434678,-21.74716078,33.40532734
-16.90152709,-21.34766452,34.31071908
-17.03964672,-20.89619991,35.19475346
-17.15277943,-20.41759914,36.01490239
-17.24670623,-19.89403169,36.80763423
-17.32064803,-19.32728807,37.56922407
-17.37391703,-18.71954058,38.29612276
-17.40546275,-18.08746693,38.9707358
-17.41616986,-17.42126969,39.60598896
-17.4056762,-16.72394539,40.19924878
-17.37372971,-15.99873903,40.74820063
-17.32658014,-15.32586985,41.20222118
-17.26194979,-14.63592874,41.61762392
-17.17988714,-13.93165157,41.99345783
-17.08051636,-13.2158297,42.32903045
-16.97256468,-12.54120093,42.60498865
-16.84998565,-11.86131476,42.84548207
-16.71304915,-11.17845024,43.05054681
-16.562076,-10.49484755,43.2204076
-16.40440298,-9.840424825,43.3506431
-16.23452077,-9.189222632,43.44936274
-16.05283216,-8.543047083,43.51720707
-15.85977281,-7.90361829,43.55494423
-15.6607075,-7.287238799,43.56358912
-15.45170429,-6.680277625,43.54529032
-15.23324558,-6.084062662,43.50105354
-15.00583193,-5.499815568,43.43195827
-14.77303184,-4.935831247,43.34047466
-14.53251909,-4.385569327,43.22702978
-14.28481394,-3.849893148,43.09281181
-14.03044262,-3.329558198,42.93903698
-13.77215514,-2.829395268,42.76846622
-13.50835593,-2.345489359,42.58110047
-13.23956377,-1.878277356,42.37815486
-12.96629354,-1.428100577,42.16083678
-12.69341085,-1.001831847,41.93403467
-12.41716407,-0.592469132,41.69558429
-12.13802497,-0.200093245,41.44657994
-11.85645481,0.175287617,41.18808553
-11.58991486,0.512764472,40.93732229
-11.32198875,0.835372193,40.6799091
-11.05303012,1.143254928,40.41664066
-10.78338095,1.436597917,40.14827802
-10.47324596,1.755872246,39.83469955
-10.16311561,2.056654876,39.51640115
-9.853447616,2.339387904,39.19436193
-9.544676185,2.604557341,38.86949646
-9.136983679,2.930250527,38.43544421
-8.732486984,3.227248515,37.99971891
-8.332007954,3.496926827,37.56394404
-7.936294175,3.740710011,37.12955698
-7.406710685,4.033458316,36.54296253
-6.888679702,4.284674433,35.96391565
-6.383462111,4.49802349,35.39458133
-5.892100995,4.677087944,34.83665842
-5.393896436,4.831466035,34.26668816
-4.912493436,4.955913098,33.71162089
-4.448422665,5.053989427,33.17214133
-4.002032183,5.129021412,32.64863088
-3.642470643,5.176319817,32.22322352
-3.295418824,5.211340423,31.80902195
-2.96083706,5.235637925,31.40590725
-2.6386294,5.250651504,31.01369581
-2.336608255,5.257613858,30.64200308
-2.046003213,5.258156917,30.28016706
-1.766603367,5.253316992,29.92790784
-1.498168205,5.244043623,29.58492758
-1.232764408,5.230765628,29.24090424
-0.978401415,5.214561896,28.9060555
-0.734744331,5.196215633,28.58003574
-0.501441887,5.176435382,28.26250282
-0.246752481,5.152863046,27.90919332
-0.004577745,5.12909915,27.56606733
0.225652428,5.105900431,27.23266167
0.444515783,5.083933937,26.90853711
0.635723636,5.065372991,26.61911283
0.818307292,5.048736324,26.33684831
0.992709016,5.03437555,26.06146659
1.159367631,5.022600182,25.79271032
1.298813445,5.014649298,25.5634099
1.43297511,5.009032837,25.33882893
1.562130158,5.005892592,25.11883353
1.686551575,5.005354057,24.90330037
1.810266104,5.007642792,24.68544507
1.929511322,5.012926678,24.47210946
2.044566787,5.021299918,24.2631924
2.155705703,5.032844486,24.0586031
2.266668311,5.048172983,23.85174737
2.374020106,5.067028383,23.64934557
2.47803637,5.089469593,23.45133092
2.578984798,5.115546772,23.25764652
2.680472354,5.146397819,23.06177007
2.779230007,5.181226723,22.87043716
2.875524753,5.220067957,22.6836167
2.969615239,5.262950076,22.50128708
3.065146622,5.31172305,22.31690158
3.158841603,5.364891496,22.13733189
3.250956945,5.422474398,21.96258538
3.341740657,5.484486914,21.79267888
3.435038264,5.553721729,21.6210684
3.527408591,5.627776949,21.45476709
3.619097588,5.706662405,21.29382667
3.710342257,5.790385247,21.13830904
3.80539006,5.882975129,20.98178647
3.900446843,5.980850142,20.83135037
3.995747919,6.084013315,20.68710783
4.091519484,6.192464759,20.54917772
4.192683361,6.311860046,20.41147203
4.294837763,6.4370629,20.28101713
4.398207359,6.568064821,20.15799401
4.503007224,6.704851841,20.04259809
4.615222572,6.855242667,19.92947538
4.729477561,7.012008436,19.8253224
4.845984119,7.175110552,19.73042312
4.964943125,7.344498178,19.64507972
5.093995295,7.53093956,19.56536764
5.226224424,7.724286927,19.49717192
5.361821193,7.924424384,19.44092273
5.500961357,8.131208943,19.3970722
5.65390879,8.359579672,19.36442654
5.811261564,8.595110369,19.34712197
5.973163651,8.837498891,19.34579267
6.139734571,9.086385218,19.3610944
6.325488515,9.362746244,19.39720471
6.516898356,9.645607184,19.45449446
6.713991269,9.934232003,19.5338571
6.916747255,10.2277648,19.63618746
7.145984646,10.55479431,19.7761739
7.381789154,10.8850653,19.94612631
7.62388248,11.21685656,20.14713829
7.871886475,11.54821275,20.38021148
8.148012423,11.90586118,20.67141775
8.429766392,12.25720638,21.002614
8.716164292,12.59871152,21.37442799
9.006031745,12.92649876,21.78711203
9.284006434,13.22201992,22.21789347
9.562504923,13.49739409,22.68499521
9.839973053,13.74854765,23.18731477
10.11468742,13.97128787,23.72318891
10.34640936,14.13627323,24.2072544
10.57342731,14.27458417,24.71248695
10.79437034,14.38361733,25.23670102
11.00780549,14.46089938,25.77733879
11.1867268,14.50057679,26.26017039
11.3577734,14.51292544,26.75108928
11.51991033,14.49673135,27.24771077
11.67210404,14.45098804,27.74747196
11.80354851,14.3814148,28.21168392
11.92472982,14.28528968,28.67394628
12.0348614,14.1624014,29.13188448
12.13319421,14.01276589,29.58307675
12.21689982,13.84166677,30.01342534
12.28814342,13.64591538,30.43277984
12.34637078,13.42618689,30.83890228
12.39109417,13.18337616,31.22962075
12.42233357,12.91345724,31.6096195
12.43875856,12.62214085,31.96935725
12.44009315,12.31102833,32.30688739
12.42615829,11.98190425,32.62044985
12.39971597,11.66425804,32.88689836
12.3602368,11.33460963,33.13057924
12.30780325,10.99467484,33.35059601
12.24257151,10.64622438,33.54623479
12.17105756,10.31800013,33.70498602
12.0890278,9.985498522,33.84214738
11.99676498,9.650165204,33.95756711
11.89459821,9.313425423,34.051227
11.7871128,8.988871764,34.12100193
11.671147,8.665529322,34.17087084
11.54710353,8.344566532,34.20113409
11.41541303,8.027093555,34.21218467
11.27776774,7.716854566,34.20464735
11.13352432,7.412034061,34.17923962
10.98316695,7.113516214,34.13656335
10.82719265,6.822107087,34.07727648
10.66408834,6.535081008,34.00106048
10.4962847,6.256760716,33.90931999
10.32432062,5.987735215,33.80285814
10.14873396,5.728507533,33.68250019
9.964488903,5.471960321,33.5447613
9.777544664,5.226644277,33.39407763
9.588471574,4.992844968,33.23137578
9.397825503,4.770763733,33.05757301
9.196866445,4.550662996,32.86443782
8.995375074,4.343629647,32.66111253
8.793928094,4.149641297,32.44858041
8.593074199,3.96860199,32.22778681
8.38063234,3.790037067,31.98484321
8.170040311,3.625675428,31.73460903
7.96184769,3.475190347,31.4780594
7.756562664,3.338201576,31.21610713
7.539793367,3.205582209,30.92963702
7.327445564,3.087475191,30.63888855
7.119992526,2.983277507,30.34475771
6.91785475,2.892362512,30.0480614
6.706644263,2.80861123,29.72669156
6.502415171,2.73869661,29.40403979
6.305502711,2.681818579,29.08085186
6.116183851,2.637190217,28.75779052
5.920814204,2.601912278,28.41026628
5.73473987,2.579057829,28.06421383
5.558111163,2.567747235,27.72019826
5.391022786,2.567150456,27.37871072
5.215890079,2.578180591,27.00116332
5.05268254,2.600588396,26.62779801
4.90133856,2.633467603,26.25905229
4.761746855,2.676001961,25.89530148
4.613326968,2.736961746,25.47705401
4.480435575,2.809105324,25.06650366
4.362730396,2.891576916,24.66403723
4.259834337,2.983669199,24.26999757
4.176486005,3.078207322,23.9086245
4.105463069,3.180331168,23.55516228
4.046436948,3.289764262,23.20984326
3.999081559,3.406316331,22.8728985
3.966210334,3.51707674,22.57733617
3.942300532,3.633465483,22.28890473
3.927149741,3.755489428,22.0077882
3.920567064,3.883194796,21.7341816
3.922088294,4.009838869,21.48142475
3.931047668,4.141777152,21.23582126
3.947324645,4.279125801,20.99757576
3.970811326,4.422021761,20.76690892
4.00165156,4.571674032,20.5425364
4.039629568,4.727280285,20.32635099
4.084682074,4.889024514,20.11863648
4.136759145,5.057101393,19.91970016
4.198434459,5.239125366,19.72217625
4.267671114,5.428472712,19.53494246
4.344462282,5.625376546,19.35843953
4.42881443,5.830068013,19.19314495
4.527451106,6.057930343,19.02930261
4.63480694,6.29522459,18.87956303
4.750936364,6.542187074,18.74466823
4.875903654,6.799024142,18.62542047
5.02342847,7.092691617,18.51350882
5.181807898,7.398632021,18.42275377
5.351145038,7.71690815,18.35449123
5.531535701,8.047473376,18.31015507
5.744947023,8.428812353,18.29081967
5.972178169,8.824640619,18.30513581
6.213250691,9.234205435,18.35547717
6.46811227,9.656419405,18.44432852
6.737030222,10.09047789,18.57449043
7.019372664,10.53385569,18.7485272
7.314717169,10.98412449,18.96908041
7.622461516,11.43829456,19.23871319
7.916825944,11.8578737,19.53324934
8.220251957,12.27439844,19.87341998
8.531711415,12.68403294,20.26067243
8.849954047,13.08243658,20.69608226
9.152000774,13.44012387,21.14680661
9.457244318,13.77943839,21.64017716
9.764045845,14.09570842,22.17571063
10.0705547,14.383998,22.75230174
10.33174301,14.60513409,23.27841356
10.5897563,14.79852561,23.83186495
10.84304376,14.9608393,24.4106047
11.08995796,15.08881357,25.01210698
11.29980555,15.17026687,25.5557851
11.50218708,15.22090159,26.11229247
11.69584054,15.23889758,26.67898755
11.87948677,15.22265504,27.25296095
12.03538424,15.17754152,27.77397452
12.18114923,15.10271467,28.29583528
12.31584806,14.99761874,28.81592721
12.43857564,14.86194684,29.33153892
12.54381194,14.70377255,29.81724638
12.63660277,14.5178585,30.29383645
12.71627019,14.30464528,30.7588296
12.78219636,14.06481897,31.20977928
12.83384888,13.79916503,31.64450786
12.87070018,13.50898149,32.06044652
12.89234363,13.19567612,32.45539257
12.8984627,12.86087157,32.82730069
12.88957842,12.52216529,33.15976946
12.86616219,12.16721545,33.4679555
12.82818002,11.7979016,33.75056703
12.77568401,11.41620267,34.00651833
12.71519495,11.05864781,34.21616906
12.64288529,10.69410702,34.40234499
12.55897706,10.32421183,34.56468392
12.46374762,9.950592836,34.70297957
12.36289078,9.592994478,34.81222746
12.25240499,9.234870147,34.8997151
12.13265645,8.877558371,34.96563041
12.00404607,8.522347567,35.01027204
11.86954088,8.176756437,35.03379702
11.72734701,7.835492827,35.03766294
11.57792605,7.499597426,35.02241622
11.42175843,7.170034807,34.98867442
11.258693,6.846443719,34.93688313
11.08984758,6.530947646,34.8678821
10.91574856,6.224278647,34.78245654
10.7369271,5.927080743,34.68142644
10.54974708,5.633556319,34.5628663
10.35876052,5.35102388,34.42980388
10.16453439,5.079898913,34.28317356
9.967627002,4.820507515,34.12391092
9.760595556,4.563453805,33.94588518
9.55186109,4.319530611,33.75623888
9.342007835,4.088832744,33.55598181
9.131598103,3.871373337,33.34609436
8.909309581,3.655954347,33.1149528
8.687609616,3.455085154,32.87519244
8.467071897,3.268540481,32.62783157
8.24823484,3.096029986,32.37383218
8.01656343,2.926612097,32.09576364
7.787985008,2.772373467,31.81216578
7.563022628,2.632782874,31.5239956
7.342151436,2.507270199,31.23213289
7.109751254,2.387349631,30.91515943
6.883046395,2.282233017,30.59575424
6.662450775,2.191137695,30.27473422
6.44832155,2.113277017,29.95282919
6.22669783,2.043731762,29.60812962
6.013128128,1.987499366,29.26385579
5.807855948,1.943664682,28.92061962
5.611067435,1.911345526,28.57895173
5.408973702,1.888466829,28.21363623
5.216951781,1.87694465,27.851147
5.035046406,1.875847155,27.49189592
4.863251452,1.88430763,27.13622901
4.681852548,1.904277359,26.74041286
4.513068107,1.934312169,26.34984062
4.356714607,1.973478617,25.96478973
4.212565554,2.020947595,25.58548567
4.087146621,2.072859536,25.23197237
3.972180488,2.131018219,24.88389503
3.867411074,2.194958376,24.54136134
3.772570801,2.26428452,24.20446368
3.687384428,2.338667735,23.87328193
3.611578802,2.417838548,23.54788878
3.544882926,2.501583116,23.22835335
3.487028577,2.589741115,22.91474336
3.439895275,2.67773208,22.62154423
3.400333964,2.769569264,22.33384548
3.368139058,2.865227268,22.05171214
3.343114016,2.964713125,21.77521453
3.325299621,3.066439681,21.50856304
3.314094127,3.171971652,21.24752812
3.309348006,3.281390791,20.99219758
3.310923326,3.394800891,20.74266839
3.318603416,3.511309251,20.50109261
3.332269624,3.631999177,20.26543897
3.351829307,3.757022553,20.03583351
3.377202117,3.886546189,19.81241502
3.409240371,4.024440408,19.58956386
3.447283825,4.167477501,19.37357918
3.491291301,4.315874771,19.16465956
3.541235063,4.469859945,18.96302281
3.600330116,4.638589037,18.7585047
3.66601711,4.814081658,18.5626588
3.738314985,4.996627437,18.37582073
3.817257552,5.186520279,18.19835804
3.910456011,5.401146185,18.0169326
4.01161379,5.625138593,17.8475702
4.120831562,5.858863337,17.6908865
4.238225521,6.102674169,17.54755572
4.380266626,6.389507133,17.40315446
4.533034063,6.689979494,17.27774261
4.696747183,7.004473273,17.17258392
4.871634037,7.333297817,17.08906136
5.091010951,7.73698391,17.02077204
5.326405155,8.16080128,16.9868931
5.578148148,8.604626881,16.99032548
5.846521402,9.067996847,17.03421265
6.119555797,9.529683407,17.11736988
6.408158155,10.00737893,17.24397432
6.712293948,10.49940071,17.41733872
7.031776786,11.00349035,17.6408687
7.329324952,11.4608554,17.88532187
7.638379255,11.92298866,18.1748613
7.958351824,12.38682143,18.51181175
8.288460059,12.84873369,18.89831814
8.614193339,13.28676379,19.31804728
8.947262053,13.71489356,19.78666173
9.286326862,14.12834351,20.30510366
9.629799172,14.52183923,20.87378126
9.943048113,14.85611255,21.43185355
10.25681904,15.16472795,22.03027116
10.56934079,15.44289527,22.66773729
10.87865688,15.68569057,23.3422936
11.14747631,15.86671273,23.96681016
11.4105258,16.01279262,24.61584609
11.66611096,16.12060963,25.28655696
11.91246096,16.18702973,25.97560523
12.11512316,16.20880933,26.57868891
12.30842429,16.19630875,27.18974248
12.49115105,16.14812049,27.80580672
12.6620934,16.06310765,28.42370839
12.80775992,15.95178376,28.9902629
12.94153686,15.80823721,29.55276941
13.06253447,15.63232705,30.10840029
13.1699066,15.42419093,30.65428293
13.26039068,15.19158591,31.17239172
13.33658244,14.92963635,31.67590952
13.3978631,14.6392654,32.16223658
13.44368899,14.32165703,32.62886437
13.47370848,13.97636765,33.07567917
13.48724573,13.60672346,33.49785367
13.48400574,13.21466232,33.89327473
13.46379623,12.80232189,34.26004972
13.43063789,12.4119954,34.56708781
13.38339757,12.00869561,34.84802149
13.32215502,11.59435069,35.10196612
13.2470634,11.17094119,35.32823419
13.16512045,10.77138064,35.51314377
13.07166092,10.36737982,35.67351151
12.96696873,9.960560946,35.80923729
12.85137514,9.552520421,35.9203655
12.72988373,9.159191894,36.00443043
12.59897377,8.767546607,36.06605158
12.45905396,8.378892078,36.10561205
12.3105622,7.994470018,36.1235946
12.15563975,7.619380748,36.12071246
11.99325402,7.250649432,36.09789956
11.82389757,6.889259082,36.05585761
11.6480772,6.536106393,35.99534757
11.46468782,6.189015918,35.91641896
11.27579272,5.851876304,35.82040019
11.08193972,5.525337551,35.70819742
10.88367735,5.209955939,35.58073901
10.6762722,4.898487601,35.43511627
10.46539145,4.599658357,35.27545789
10.2516143,4.313782215,35.10278506
10.0355077,4.041082226,34.91810764
9.808401362,3.771044716,34.71393544
9.579975885,3.515530924,34.49890142
9.35081814,3.274520717,34.27406669
9.121490034,3.047914546,34.04045119
8.879376875,2.823749246,33.78492359
8.638275118,2.615218816,33.52176329
8.398750542,2.421976636,33.25200228
8.161331346,2.24361673,32.97660622
7.910399447,2.068879639,32.67697584
7.662986449,1.910016775,32.37294717
7.419595187,1.766379696,32.06545008
7.18067949,1.637289465,31.75533041
6.930590518,1.514539473,31.42164596
6.686520777,1.406749684,31.08667362
6.448849705,1.313045515,30.75115887
6.217901162,1.232557416,30.41575863
5.981785657,1.161006984,30.06259194
5.753712439,1.102232694,29.71077437
5.533881743,1.055284291,29.36080825
5.322441187,1.019249259,29.01312028
5.108323594,0.992074646,28.64873909
4.903735403,0.97513294,28.28764637
4.708688997,0.967513014,27.93012923
4.523152988,0.968364741,27.57641887
4.323515022,0.978636953,27.17880808
4.135936125,0.997794403,26.78656245
3.960211234,1.024873226,26.39983245
3.796095286,1.059007616,26.01872304
3.661426849,1.094161438,25.68898476
3.535277835,1.133689994,25.36365177
3.417433258,1.177179598,25.04273791
3.307668814,1.224264747,24.72624653
3.205753096,1.274626135,24.41417213
3.111453134,1.327986385,24.10650366
3.024535029,1.384107225,23.80322639
2.944764538,1.442787975,23.50432316
2.874972309,1.501127817,23.22264373
2.811301949,1.561538513,22.94492817
2.7535598,1.623927081,22.67116069
2.701556547,1.688224225,22.40132675
2.65526082,1.754149246,22.13633274
2.61430846,1.821895007,21.87522119
2.578533378,1.891451759,21.61798386
2.547776272,1.962827206,21.36461538
2.521448674,2.037426631,21.11050325
2.500021419,2.11397773,20.86040392
2.483354533,2.192534628,20.61432235
2.471316666,2.273165518,20.37226768
2.463713311,2.35710547,20.13100856
2.460627361,2.443355862,19.89392063
2.461954361,2.532023742,19.6610281
2.467599442,2.623227483,19.43236086
2.477664454,2.71857509,19.20450404
2.492019861,2.816814345,18.98108547
2.510600684,2.918098374,18.7621563
2.533352084,3.022589796,18.54777537
2.561477672,3.135176668,18.32909452
2.594056394,3.251641599,18.11551985
2.631064468,3.372196117,17.90714826
2.672489638,3.49706086,17.70408861
2.721531015,3.635220314,17.49354035
2.775611501,3.778827597,17.28933471
2.834761998,3.928177973,17.09165528
2.899027393,4.083575908,16.90070655
2.975694283,4.26186283,16.69871778
3.058721571,4.448269778,16.50548155
3.148228495,4.643230098,16.32137238
3.244352811,4.847184742,16.14680719
3.364932789,5.096812072,15.95603225
3.494991523,5.359971518,15.77966361
3.634836425,5.637368905,15.61862077
3.784802352,5.929699451,15.47393436
4.013262683,6.366866578,15.30053799
4.263479581,6.836610127,15.16533167
4.536567266,7.340459901,15.07252946
4.833671113,7.879608631,15.02697212
5.107837727,8.369583248,15.02963338
5.401103803,8.886117494,15.07478137
5.714072412,9.428877874,15.1666847
6.047249475,9.996971533,15.30999495
6.343367353,10.49323572,15.47397872
6.654164665,11.00499706,15.68104835
6.979631476,11.53040133,15.9345015
7.319608743,12.06703823,16.23771331
7.640855837,12.56190166,16.55926166
7.973414849,13.06079557,16.92725823
8.316709929,13.56042062,17.344117
8.669971968,14.05691865,17.81206433
9.021965743,14.53231084,18.31774895
9.381332714,14.99591215,18.87507199
9.746709756,15.44253183,19.48505428
10.11647925,15.86645811,20.14815245
10.46451961,16.23680808,20.81603333
10.81298451,16.57643821,21.52940972
11.15987896,16.87965757,22.28676121
11.50299253,17.14061966,23.08577193
11.80000435,17.33066472,23.82118052
12.09041129,17.47931955,24.583668
12.37230843,17.58270378,25.36987467
12.64370301,17.63716977,26.17585617
12.86482222,17.64246637,26.87389835
13.07551489,17.60805854,27.57985512
13.27444904,17.53238564,28.29032421
13.46029614,17.41420603,29.00166254
13.61782948,17.267979,29.6503221
13.76228816,17.08497212,30.29335792
13.89270659,16.86509128,30.92757831
14.00816635,16.60856192,31.54974759
14.10506575,16.32517518,32.13876247
14.1863272,16.00862345,32.71039542
14.25128053,15.66001941,33.26175046
14.29933625,15.28077016,33.79004194
14.32991468,14.87397689,34.29098152
14.34278839,14.44038143,34.76389619
14.33764178,13.98217778,35.20652696
14.31426561,13.50177458,35.6168609
14.2774468,13.05148719,35.9578699
14.22570368,12.58728337,36.2700573
14.15910893,12.111269,36.55252479
14.07780913,11.62560299,36.80458457
13.98921144,11.16728494,37.01125121
13.88831934,10.70430678,37.19098556
13.77541423,10.23843701,37.34371764
13.65082584,9.771415323,37.46953168
13.52001562,9.321714856,37.56554965
13.37907375,8.874010454,37.63709832
13.22840955,8.429723664,37.68461919
13.06846257,7.990205272,37.70865968
12.90193924,7.562298459,37.70999313
12.72730294,7.141432898,37.6897832
12.54504748,6.728673013,37.64880363
12.35568205,6.324991561,37.58789072
12.1587953,5.929446593,37.50751745
11.95580178,5.544754558,37.40887135
11.74724893,5.171617778,37.29293113
11.53368638,4.810640186,37.16069882
11.31127871,4.45552119,37.01010618
11.08481508,4.114019752,36.84471382
10.85487088,3.786479983,36.66560474
10.62201147,3.473151659,36.4738505
10.37878688,3.1643189,36.26342667
10.1336368,2.870931723,36.04175371
9.887139956,2.592988216,35.80993447
9.6398534,2.33040495,35.56903083
9.380835941,2.071917071,35.30833699
9.122124832,1.82981308,35.03992119
8.864274392,1.603766344,34.76483111
8.607806507,1.393389139,34.48405008
8.339369758,1.188010694,34.18278181
8.073549502,0.998996738,33.8772037
7.810838982,0.825735495,33.56823446
7.551689955,0.667581243,33.25671348
7.284198085,0.517219888,32.92811593
7.021501063,0.381935486,32.59834146
6.763978647,0.260922963,32.26809847
6.511965082,0.153374238,31.93801508
6.244232732,0.050662402,31.5795234
5.983688142,-0.038075685,31.22249135
5.730593795,-0.113841254,30.86744983
5.48516049,-0.177606664,30.51484842
5.21799525,-0.236249122,30.12093972
4.960920623,-0.282133949,29.73103739
4.714033164,-0.316478683,29.34548818
4.477370307,-0.340430554,28.96455882
4.236773039,-0.355708302,28.56455012
4.007646846,-0.361640668,28.17015295
3.789858238,-0.359338128,27.78147041
3.58322783,-0.349819787,27.3985545
3.376617355,-0.332934208,26.99991774
3.181934925,-0.310012659,26.6077065
2.998847462,-0.281949871,26.22186044
2.826994304,-0.249544704,25.84229515
2.681746271,-0.217284666,25.50628159
2.544983329,-0.182543062,25.17517867
2.416411484,-0.145726304,24.84889834
2.295731621,-0.107193028,24.52734937
2.194675857,-0.071693535,24.24495008
2.099425942,-0.035276784,23.96616243
2.009771493,0.001886005,23.69092156
1.925503575,0.039645892,23.41916366
1.849906524,0.076125983,23.16296878
1.778853369,0.11293754,22.90983728
1.712172242,0.149998972,22.65971802
1.64969461,0.187242277,22.41256152
1.592414208,0.223845265,22.17329702
1.538859581,0.26052765,21.9367862
1.488885712,0.297256892,21.70298765
1.442351677,0.334009523,21.4718616
1.399411742,0.370513877,21.24495572
1.359601598,0.407018355,21.02061189
1.322798166,0.443521447,20.79879595
1.28888277,0.480027976,20.57947518
1.25766722,0.51663969,20.36208039
1.229130855,0.553280791,20.1471318
1.203169647,0.589971229,19.93460071
1.179684081,0.626735533,19.72445971
1.158380968,0.663970126,19.51462525
1.139414855,0.701342,19.30717643
1.122698955,0.738887329,19.10208881
1.108151005,0.776645734,18.89933914
1.095506977,0.815283294,18.69565003
1.084946865,0.854232176,18.49433104
1.07640006,0.893542225,18.29536134
1.069800464,0.933266061,18.09872122
1.065030014,0.974066448,17.90149018
1.062144099,1.015409265,17.70662189
1.061088993,1.057356186,17.5140993
1.061815376,1.099971281,17.32390657
1.064371376,1.144536115,17.13084291
1.068719199,1.189950276,16.9402103
1.074820816,1.236289611,16.75199557
1.082642696,1.283632416,16.56618696
1.092628593,1.334289318,16.3744874
1.104436467,1.386225149,16.1853966
1.118044666,1.439536726,15.99890646
1.133436482,1.494323875,15.81501088
1.151747614,1.554316963,15.62230307
1.172055594,1.616221132,15.43252233
1.194359626,1.680166814,15.2456695
1.21866482,1.746288784,15.06174861
1.24736658,1.820791382,14.86516834
1.278469206,1.898213207,14.67207511
1.312004038,1.978744646,14.48248876
1.348010351,2.062583299,14.2964351
1.391755654,2.161611936,14.09037909
1.438802757,2.265436638,13.88893687
1.489246525,2.374377501,13.69217824
1.543194864,2.488768946,13.50018688
1.607587617,2.623085024,13.29198501
1.676670635,2.765106556,13.08998559
1.750652425,2.915362738,12.89437871
1.829762929,3.074409081,12.70538688
1.925905737,3.265954969,12.49959034
2.029353947,3.470420299,12.30305167
2.140543157,3.688740972,12.11628469
2.259948195,3.921900151,11.93988912
2.371568484,4.138892584,11.79459453
2.490237609,4.368752929,11.65830095
2.616345292,4.61222539,11.53161414
2.750305745,4.870077209,11.41521996
2.885557571,5.129681459,11.31466354
3.028720567,5.403733043,11.22488579
3.180208192,5.692935247,11.14672661
3.34045282,5.997994649,11.08112446
3.511373378,6.322400796,11.02874537
3.692131066,6.664364609,10.99138732
3.883213831,7.024573807,10.97037722
